shoulder_angle,head_offset_x,head_offset_y,left_wrist_dist,right_wrist_dist,wrist_velocity_avg,zone_motion_score,label
27.0753,0.1957,0.0964,0.36,0.1946,6.9428,0.3306,1
5.3688,0.0093,0.1158,0.1848,0.1911,4.2763,0.0166,0
25.2124,0.1632,0.0901,0.2551,0.2292,3.9406,0.2572,1
8.2125,0.0771,0.1119,0.1621,0.155,3.7924,0.1171,0
15.2739,0.0425,0.0596,0.4472,0.6552,16.6518,0.4283,1
4.7983,0.0533,0.0244,0.1572,0.1544,4.8163,0.0674,0
6.9468,0.0643,0.0976,0.1739,0.1868,0.9492,0.0571,0
6.5321,0.2735,0.0804,0.1216,0.1664,2.6229,0.1757,1
5.421,0.0022,0.0911,0.1987,0.1494,4.9321,0.0344,0
5.9542,0.0725,0.1042,0.38,0.4786,14.2001,0.2692,1
7.5141,0.1384,0.1213,0.5241,0.4139,14.1607,0.31,1
2.6308,0.0149,0.0885,0.2411,0.1546,0.0,0.0472,0
4.1399,0.0411,0.0676,0.2436,0.1115,5.7113,0.0413,0
33.6054,0.1477,0.0442,0.1873,0.1614,6.6392,0.3548,1
28.0,0.3296,0.1614,0.5968,0.7748,19.0008,0.3634,1
6.2904,0.0211,0.0778,0.0969,0.2463,3.5847,0.0874,0
0.5095,0.048,0.0942,0.1538,0.2626,6.0367,0.0684,0
0.0,0.0762,0.1021,0.1094,0.1891,1.3631,0.0,0
28.9799,0.3531,0.2,0.6007,0.7944,16.3634,0.375,1
4.3661,0.1247,0.0437,0.598,0.5052,16.1423,0.2284,1
0.0,0.0259,0.1286,0.2059,0.1877,5.6454,0.0379,0
2.8206,0.1036,0.0885,0.1681,0.1579,5.8195,0.0857,0
5.8728,0.0051,0.1404,0.1265,0.1319,0.3554,0.0213,0
19.5384,0.22,0.0752,0.2068,0.2086,10.7522,0.0613,1
4.9464,0.0288,0.1123,0.267,0.1268,3.7398,0.0535,0
36.2204,0.2298,0.0257,0.4091,0.7225,14.1392,0.2,1
6.4551,0.1247,0.0637,0.4799,0.4947,21.9562,0.3334,1
5.1533,0.0905,0.1748,0.05,0.176,10.0,0.0235,0
8.1486,0.0372,0.1671,0.214,0.115,0.0,0.0196,0
4.2875,0.0685,0.1357,0.1105,0.1489,6.8002,0.0242,0
6.3772,0.017,0.1237,0.2389,0.2344,2.2359,0.0192,0
23.954,0.1496,0.0743,0.0914,0.2464,2.4227,0.2447,1
5.6537,0.014,0.0129,0.138,0.1132,3.05,0.0453,0
28.0,0.3183,0.0901,0.6542,0.4552,21.1686,0.321,1
3.2745,0.0546,0.0005,0.152,0.2827,1.0164,0.0635,0
0.3263,0.0229,0.0869,0.2261,0.1806,6.4362,0.0929,0
11.4401,0.2866,0.0472,0.2363,0.135,1.7245,0.1779,1
2.1362,0.041,0.038,0.1208,0.1528,1.7645,0.0539,0
7.845,0.093,0.0539,0.05,0.1557,3.3608,0.0552,0
5.9359,0.0356,0.0606,0.2157,0.1299,6.1405,0.0935,0
5.6061,0.0551,0.0386,0.1666,0.05,4.5459,0.0097,0
0.8133,0.0854,0.0788,0.1954,0.3472,5.182,0.0185,0
11.4101,0.0456,0.097,0.1713,0.1335,0.4684,0.0487,0
6.2165,0.026,0.1428,0.2091,0.1644,8.4643,0.0,0
22.0,0.201,0.144,0.2788,0.1959,0.0,0.3161,1
29.4211,0.2815,0.0812,0.1072,0.223,1.3361,0.2,1
6.0204,0.0732,0.0871,0.4296,0.38,21.8438,0.2193,1
0.0,0.0467,0.0767,0.1675,0.2135,0.0569,0.0414,0
5.798,0.0941,0.1612,0.5512,0.4449,13.5429,0.4354,1
31.1328,0.1949,0.0463,0.1513,0.0855,9.1287,0.3032,1
4.7494,0.0995,0.0561,0.1413,0.1466,6.6371,0.0324,0
5.0146,0.3289,0.0812,0.1803,0.1577,9.6419,0.1497,1
8.6883,0.0944,0.1512,0.2205,0.3107,5.4864,0.0387,0
5.6535,0.1213,0.1034,0.4993,0.38,14.2254,0.3817,1
2.6199,0.0578,0.0,0.1832,0.1259,2.8415,0.0898,0
28.0,0.3135,0.094,0.6726,0.38,29.6574,0.3124,1
5.6418,0.0578,0.1272,0.1358,0.316,0.0,0.0549,0
7.2134,0.023,0.0687,0.096,0.05,1.6696,0.0,0
28.9017,0.3866,0.1634,0.4765,0.6111,15.5593,0.3812,1
8.2362,0.0887,0.0988,0.2173,0.0556,1.8709,0.0378,0
3.7274,0.134,0.0927,0.144,0.3021,2.4482,0.0738,0
5.9799,0.0516,0.0928,0.1772,0.0942,0.0,0.03,0
1.0705,0.0697,0.1392,0.0609,0.311,9.4589,0.0281,0
10.7134,0.1368,0.0649,0.0972,0.1851,9.4971,0.0401,0
3.6522,0.0419,0.0716,0.2388,0.2514,7.7931,0.0049,0
6.5417,0.1073,0.0802,0.2167,0.2009,5.2643,0.0726,0
8.8196,0.0418,0.0947,0.3122,0.0598,2.0622,0.0353,0
12.0,0.0741,0.0617,0.2014,0.1258,5.2296,0.0534,0
22.0,0.1935,0.1203,0.2436,0.1435,4.0756,0.2087,1
6.9018,0.0611,0.0003,0.1285,0.1748,1.5869,0.1293,0
28.1083,0.2045,0.0446,0.2464,0.2495,3.5819,0.2,1
28.0,0.4007,0.0728,0.5234,0.394,13.6968,0.2583,1
39.2067,0.2528,0.0611,0.653,0.7556,18.424,0.3266,1
14.5912,0.22,0.1129,0.1592,0.1395,2.7469,0.131,1
3.8005,0.0242,0.166,0.2945,0.1007,4.2134,0.0793,0
3.9166,0.0235,0.0874,0.15,0.1044,5.4955,0.0181,0
6.7987,0.0612,0.0816,0.5588,0.514,12.0,0.2147,1
36.3516,0.28,0.071,0.6156,0.4223,23.3271,0.2764,1
4.7848,0.1373,0.1141,0.6517,0.5308,16.316,0.2093,1
12.8297,0.0523,0.046,0.4717,0.5185,18.7216,0.2,1
22.0,0.1724,0.1933,0.3081,0.149,0.6579,0.2516,1
32.6151,0.1772,0.0948,0.1656,0.1381,7.8167,0.2921,1
1.2163,0.0168,0.1003,0.2726,0.166,5.206,0.0264,0
22.0,0.231,0.1397,0.2031,0.2436,8.326,0.2397,1
10.3876,0.2357,0.0916,0.1452,0.1712,5.1289,0.2155,1
5.9096,0.0075,0.1173,0.2246,0.2214,5.3633,0.0328,0
4.1005,0.0727,0.1006,0.4148,0.6746,12.9193,0.2342,1
10.3576,0.0,0.1273,0.1634,0.35,2.043,0.019,0
8.1643,0.0967,0.0844,0.38,0.4759,14.893,0.3216,1
28.0,0.3444,0.102,0.4905,0.7629,24.2862,0.401,1
7.083,0.0531,0.0638,0.1671,0.1795,5.1334,0.0338,0
5.266,0.0178,0.0885,0.2162,0.1808,0.0,0.0858,0
8.8037,0.1481,0.1043,0.575,0.4341,12.0,0.2,1
9.3263,0.0421,0.1372,0.0664,0.1216,4.9496,0.0702,0
29.6048,0.1,0.1403,0.2533,0.0637,9.1609,0.2955,1
10.429,0.0185,0.1336,0.2544,0.0901,2.3134,0.1194,0
28.0276,0.3887,0.0303,0.6651,0.633,19.7699,0.3046,1
3.2146,0.079,0.1621,0.4352,0.6783,21.9464,0.2,1
5.9684,0.1146,0.0599,0.2376,0.2036,0.9037,0.0942,0
22.0,0.2023,0.157,0.2328,0.2935,8.7565,0.2753,1
13.6357,0.2878,0.0652,0.1309,0.163,0.0,0.1176,1
2.4805,0.0688,0.018,0.2209,0.1508,4.1763,0.0,0
7.4955,0.1113,0.066,0.05,0.19,0.0,0.0897,0
23.3448,0.1556,0.1251,0.2655,0.3412,2.2389,0.2356,1
0.2057,0.1174,0.1542,0.183,0.2981,2.673,0.0021,0
10.4163,0.0,0.0997,0.1843,0.3153,0.0,0.0712,0
12.0688,0.22,0.093,0.2679,0.05,1.9645,0.242,1
1.8596,0.0593,0.0382,0.097,0.0849,4.8615,0.0376,0
3.8532,0.0862,0.1168,0.05,0.119,2.745,0.1012,0
22.0,0.1695,0.1165,0.1869,0.1224,6.4572,0.2,1
32.8319,0.3704,0.0762,0.7191,0.5337,19.7499,0.3941,1
2.9266,0.05,0.1129,0.2534,0.2688,3.2543,0.0452,0
28.0,0.3476,0.0376,0.498,0.5374,13.8818,0.3978,1
14.3025,0.4048,0.0687,0.1882,0.1909,3.646,0.1287,1
6.8862,0.0928,0.1774,0.1766,0.2067,8.5246,0.0016,0
12.1038,0.22,0.1544,0.1447,0.2333,6.6696,0.0,1
6.7385,0.0811,0.0237,0.1129,0.102,7.3142,0.0806,0
9.5692,0.0393,0.0855,0.2015,0.2571,3.294,0.0448,0
1.1769,0.0429,0.0457,0.2288,0.2433,1.0299,0.1288,0
6.927,0.322,0.064,0.2295,0.1893,5.6614,0.1268,1
28.0,0.3461,0.1381,0.6642,0.5502,15.258,0.364,1
1.2721,0.0693,0.0549,0.123,0.115,2.3291,0.0989,0
12.0,0.0645,0.0212,0.1006,0.05,6.5683,0.0919,0
31.4248,0.2339,0.1527,0.1827,0.0585,9.8369,0.2089,1
5.4383,0.0655,0.1097,0.1782,0.1898,6.9801,0.0617,0
14.0991,0.22,0.0365,0.151,0.1779,4.4246,0.1057,1
6.8929,0.3053,0.0532,0.1432,0.2555,3.1233,0.1656,1
9.1594,0.0604,0.0921,0.141,0.0661,3.5768,0.1185,0
2.5389,0.0977,0.1007,0.1227,0.209,2.5114,0.0379,0
6.3202,0.0475,0.1185,0.1786,0.1008,0.7355,0.0406,0
7.5259,0.0899,0.0807,0.6632,0.38,25.4536,0.2,1
10.1491,0.0488,0.1398,0.269,0.2129,4.1583,0.0557,0
22.0,0.1,0.1428,0.3161,0.1729,4.7202,0.2246,1
24.2623,0.1605,0.1581,0.1572,0.1455,4.4828,0.2168,1
4.7699,0.0366,0.1069,0.0558,0.1048,1.6675,0.0719,0
10.7002,0.0601,0.1229,0.1802,0.0858,0.0,0.0546,0
1.9065,0.01,0.1285,0.2157,0.0798,5.5791,0.1115,0
22.081,0.1091,0.0733,0.1755,0.2778,7.5633,0.2,1
3.7315,0.0142,0.0603,0.1822,0.1965,0.0,0.0,0
5.3263,0.0381,0.1381,0.6239,0.4172,15.2739,0.2111,1
14.695,0.1448,0.1022,0.7328,0.5437,12.0,0.2,1
2.4256,0.0293,0.0552,0.1944,0.1928,3.1311,0.0441,0
2.4721,0.0578,0.0749,0.4338,0.6855,12.6752,0.2,1
28.0,0.2387,0.1063,0.596,0.496,12.8034,0.4907,1
11.6062,0.22,0.168,0.2598,0.1599,3.0218,0.099,1
4.7806,0.0,0.0809,0.1968,0.1609,0.0,0.0431,0
9.4914,0.2594,0.0583,0.1042,0.2423,5.4085,0.1948,1
6.2415,0.0468,0.1532,0.7556,0.5307,12.0,0.2,1
8.717,0.22,0.0503,0.145,0.0503,5.9366,0.1302,1
10.0445,0.0517,0.0914,0.1811,0.1546,5.2284,0.1098,0
22.0,0.2467,0.1226,0.2033,0.1732,5.2738,0.2,1
30.1185,0.2532,0.0977,0.5849,0.5686,18.9028,0.3343,1
0.0,0.0,0.1227,0.1462,0.2892,8.5358,0.0095,0
1.8462,0.3109,0.1175,0.2617,0.2398,6.2171,0.1916,1
4.9334,0.09,0.0762,0.2627,0.05,0.4984,0.0,0
14.2125,0.2966,0.0074,0.1887,0.1536,3.9184,0.2194,1
4.2179,0.0028,0.0688,0.1074,0.1757,5.4859,0.0432,0
28.0,0.2545,0.1123,0.4295,0.6643,23.9032,0.3317,1
25.0907,0.2283,0.0909,0.2094,0.177,7.8085,0.2067,1
28.0,0.22,0.0791,0.518,0.81,14.9051,0.3588,1
24.1936,0.2838,0.1767,0.1568,0.2583,3.8261,0.2,1
22.0,0.1012,0.2,0.2054,0.2678,2.6909,0.2429,1
3.3377,0.089,0.1177,0.1897,0.2176,6.5476,0.0653,0
3.5584,0.0172,0.0987,0.1015,0.0818,4.1661,0.1303,0
22.0,0.1148,0.1237,0.1786,0.36,3.9914,0.2,1
9.188,0.0663,0.0761,0.1403,0.2527,4.1785,0.0122,0
8.5124,0.0706,0.1007,0.094,0.2568,0.0,0.0729,0
5.5527,0.0636,0.1182,0.6909,0.5745,17.5769,0.208,1
10.896,0.0526,0.053,0.8576,0.5989,20.7708,0.327,1
4.7687,0.0691,0.0959,0.2312,0.2878,6.5284,0.0,0
33.1057,0.3225,0.0675,0.38,0.6442,18.8746,0.3717,1
34.0152,0.2326,0.0859,0.4377,0.4346,12.0,0.2,1
28.6664,0.239,0.0656,0.1561,0.1771,0.0,0.2,1
5.427,0.0662,0.0996,0.1255,0.1663,7.2959,0.0157,0
28.0,0.22,0.0794,0.5411,0.4376,12.0,0.2807,1
2.5748,0.1113,0.0785,0.1075,0.1536,1.8683,0.0661,0
9.6797,0.3267,0.0927,0.2579,0.1944,3.4087,0.1674,1
26.6485,0.1735,0.1365,0.2402,0.3121,6.5067,0.2,1
5.1659,0.1604,0.1638,0.3476,0.2374,7.9635,0.0313,0
22.9096,0.1833,0.081,0.1864,0.2175,4.9145,0.2145,1
5.7489,0.0758,0.1409,0.2016,0.2219,4.8382,0.0604,0
28.0,0.22,0.1482,0.5652,0.38,12.1773,0.3213,1
22.0,0.2104,0.0613,0.1422,0.233,5.4782,0.356,1
31.1175,0.3433,0.1321,0.6553,0.4951,14.4728,0.2665,1
7.054,0.1249,0.0944,0.2049,0.2871,9.8048,0.0742,0
4.0737,0.0899,0.139,0.2403,0.2914,1.2468,0.0089,0
5.7493,0.0849,0.1913,0.2466,0.1328,6.7325,0.0747,0
5.5733,0.1189,0.0306,0.38,0.6536,22.5449,0.2,1
4.0312,0.0894,0.0807,0.2082,0.071,3.3171,0.0,0
29.2303,0.1621,0.0715,0.2623,0.2751,6.6,0.2474,1
0.5215,0.0734,0.1209,0.121,0.1525,2.9741,0.0034,0
3.3088,0.0333,0.0676,0.1688,0.2924,6.1658,0.0,0
11.7756,0.3861,0.1398,0.2511,0.1672,2.5748,0.2023,1
12.0,0.0191,0.1461,0.2073,0.1629,3.2138,0.0548,0
5.4201,0.0743,0.0896,0.1809,0.1011,3.5297,0.0398,0
10.8276,0.177,0.1094,0.38,0.4742,26.0905,0.2269,1
5.3419,0.0064,0.116,0.1903,0.1225,0.1114,0.089,0
7.0261,0.1163,0.0412,0.5106,0.7035,12.5134,0.2,1
6.7236,0.0939,0.1331,0.2972,0.2106,3.8309,0.0405,0
9.4342,0.0445,0.0648,0.0752,0.2773,0.6099,0.0166,0
7.2182,0.0076,0.0998,0.1263,0.1657,3.6938,0.0,0
5.3327,0.22,0.1238,0.1597,0.209,2.7809,0.1401,1
8.9745,0.0452,0.0529,0.2215,0.1888,0.0,0.013,0
38.829,0.4569,0.1791,0.3972,0.5803,20.9723,0.4423,1
12.3553,0.2873,0.1228,0.05,0.0933,4.7629,0.2157,1
5.4185,0.0059,0.1111,0.1566,0.2542,1.9355,0.0598,0
6.089,0.2511,0.0901,0.1825,0.196,0.7179,0.1613,1
6.9124,0.2354,0.0804,0.2606,0.1653,4.4384,0.1731,1
1.4717,0.0446,0.143,0.2925,0.1665,5.3142,0.0707,0
6.5637,0.2992,0.0531,0.05,0.1766,1.9815,0.0817,1
9.2986,0.2804,0.084,0.0699,0.2084,4.531,0.2276,1
31.0486,0.178,0.1235,0.2014,0.103,5.1799,0.2963,1
1.7776,0.0247,0.0883,0.0817,0.2752,4.4473,0.0437,0
10.2646,0.4354,0.0755,0.215,0.2391,3.5641,0.1518,1
5.0991,0.076,0.0603,0.2287,0.1603,2.5319,0.0454,0
4.2311,0.058,0.148,0.1947,0.2884,5.9731,0.0457,0
4.9528,0.0629,0.1181,0.2151,0.2152,3.2199,0.0696,0
6.1631,0.0,0.078,0.091,0.2055,2.1553,0.001,0
29.5832,0.1907,0.1172,0.1417,0.1413,5.6046,0.2,1
5.5713,0.2696,0.0939,0.1233,0.1777,3.0982,0.1106,1
6.8539,0.0838,0.0957,0.1988,0.1718,6.3568,0.074,0
27.9384,0.2213,0.1162,0.3039,0.1764,3.1124,0.2583,1
7.1371,0.0108,0.0531,0.222,0.1614,0.0,0.0629,0
28.0,0.2931,0.1738,0.5359,0.5062,18.0294,0.3086,1
6.5956,0.0208,0.0577,0.268,0.1641,2.4424,0.0072,0
1.3767,0.1755,0.0849,0.2542,0.2497,8.3978,0.0521,0
0.692,0.0073,0.0893,0.05,0.2469,0.0,0.0819,0
18.4414,0.298,0.122,0.306,0.1084,2.9808,0.0,1
6.5271,0.0693,0.0873,0.1372,0.208,0.3617,0.1091,0
3.1458,0.0169,0.022,0.1478,0.1985,3.9909,0.0448,0
5.6336,0.0756,0.1221,0.1801,0.1864,2.6366,0.0465,0
25.7074,0.207,0.1185,0.2969,0.21,3.1352,0.2,1
10.6763,0.1568,0.0521,0.5014,0.441,18.2583,0.2174,1
0.0,0.0704,0.1147,0.1426,0.153,3.1351,0.0588,0
11.5688,0.1157,0.0684,0.1941,0.0609,0.0,0.111,0
4.3958,0.1471,0.1373,0.1544,0.2359,3.152,0.0169,0
0.0,0.1069,0.109,0.1786,0.1953,3.0858,0.1363,0
22.0,0.1474,0.085,0.272,0.1398,7.3857,0.2,1
4.4571,0.0719,0.1118,0.38,0.7102,16.9308,0.305,1
6.65,0.0557,0.1237,0.1167,0.1595,0.7739,0.0346,0
9.1681,0.0941,0.0853,0.53,0.38,12.2498,0.3153,1
8.1137,0.0253,0.0951,0.1646,0.0763,5.1015,0.0501,0
8.2833,0.2578,0.1447,0.2224,0.2434,4.0541,0.2315,1
8.022,0.3337,0.1008,0.1173,0.2481,4.1607,0.219,1
9.575,0.1065,0.0149,0.189,0.1768,3.2235,0.0429,0
4.6881,0.0363,0.1635,0.129,0.2431,4.1121,0.0532,0
2.3611,0.0097,0.093,0.0877,0.2762,2.1442,0.0236,0
2.737,0.079,0.1612,0.1645,0.164,3.5516,0.0435,0
3.142,0.0117,0.107,0.1366,0.1769,3.7659,0.0403,0
12.3641,0.1086,0.074,0.6063,0.4521,17.8258,0.2974,1
6.3368,0.0939,0.1524,0.2617,0.1584,2.3352,0.074,0
6.1259,0.062,0.0683,0.1345,0.2585,5.9693,0.0678,0
7.8951,0.0371,0.0699,0.1126,0.1616,1.1438,0.0349,0
7.5642,0.0839,0.1494,0.2587,0.2273,2.76,0.0455,0
28.0,0.2232,0.0812,0.6012,0.3959,20.7246,0.4765,1
28.0,0.4149,0.1445,0.5695,0.4338,16.3942,0.4725,1
3.9834,0.2307,0.1032,0.1239,0.2631,2.6122,0.1851,1
37.5481,0.4302,0.0384,0.38,0.4536,13.9093,0.3671,1
7.6742,0.2483,0.1368,0.0915,0.1998,2.3458,0.0052,1
10.4203,0.4415,0.0861,0.1609,0.248,4.7081,0.1529,1
25.6442,0.291,0.0901,0.1799,0.104,9.614,0.2053,1
28.6782,0.2316,0.1074,0.1614,0.36,2.7255,0.2,1
10.0874,0.1109,0.0799,0.2574,0.0953,0.0,0.0287,0
10.2527,0.0612,0.0845,0.0856,0.2191,0.0,0.0644,0
3.445,0.0,0.1134,0.1263,0.0564,4.0889,0.0728,0
15.0916,0.22,0.1568,0.1652,0.1632,0.0,0.197,1
3.284,0.0277,0.1058,0.4517,0.5971,18.4579,0.2479,1
35.1149,0.4226,0.0553,0.6519,0.4549,23.1778,0.4561,1
28.0,0.22,0.0948,0.6376,0.6572,16.5067,0.3266,1
8.9185,0.0663,0.1555,0.05,0.2006,0.0,0.0918,0
14.8847,0.22,0.1294,0.2095,0.1627,6.9767,0.1136,1
9.1046,0.0501,0.1179,0.2534,0.1781,8.3707,0.0,0
7.647,0.0692,0.0942,0.3882,0.5953,23.1113,0.2488,1
0.7614,0.0702,0.0504,0.2177,0.2679,4.9634,0.0261,0
4.5114,0.0024,0.1354,0.2479,0.1592,4.0476,0.0231,0
7.1447,0.0258,0.0882,0.091,0.05,0.0,0.0725,0
28.0,0.294,0.1039,0.6255,0.5429,20.0108,0.2408,1
0.9995,0.1064,0.1083,0.2134,0.1769,5.9762,0.0,0
7.2757,0.0,0.0761,0.1205,0.271,2.4087,0.1309,0
9.0551,0.0,0.0816,0.1404,0.0924,1.3177,0.0768,0
22.0,0.1337,0.1014,0.2012,0.2777,2.8521,0.2,1
10.0404,0.0855,0.1145,0.1785,0.2176,2.0472,0.07,0
0.0,0.0,0.0968,0.1743,0.158,4.6117,0.113,0
5.5826,0.0,0.1644,0.1569,0.35,0.0,0.0328,0
3.0009,0.0816,0.1657,0.05,0.1796,0.0,0.0698,0
3.2062,0.3197,0.0405,0.1965,0.05,5.3778,0.1685,1
2.894,0.0556,0.0005,0.1918,0.0656,6.1521,0.0495,0
35.8483,0.3394,0.1898,0.6874,0.5709,18.2912,0.2553,1
8.4005,0.0596,0.1167,0.279,0.1896,6.223,0.0546,0
4.8242,0.0195,0.0649,0.2313,0.2418,4.0776,0.0092,0
28.0,0.22,0.12,0.5841,0.5222,21.8524,0.4846,1
37.4335,0.22,0.135,0.56,0.4683,28.0166,0.2268,1
5.4779,0.0586,0.0787,0.0736,0.1558,0.3103,0.0356,0
28.9569,0.1041,0.1092,0.2031,0.2553,11.0,0.2,1
10.9369,0.22,0.0981,0.1599,0.1169,3.4973,0.2213,1
6.8688,0.0916,0.1705,0.4857,0.5987,21.4079,0.2,1
6.6071,0.0399,0.0646,0.2754,0.1007,0.4406,0.1171,0
30.6607,0.3272,0.0806,0.4063,0.5118,25.0053,0.476,1
5.1887,0.0096,0.0838,0.3985,0.5553,15.8866,0.2,1
5.0184,0.0969,0.1078,0.1081,0.1544,3.972,0.0,0
7.5114,0.0458,0.0961,0.2586,0.0862,6.4004,0.0245,0
0.0,0.1108,0.1451,0.1858,0.2319,4.4037,0.0158,0
10.4763,0.0,0.1653,0.1391,0.2117,6.7094,0.1096,0
30.5849,0.2006,0.0791,0.1586,0.1817,2.8395,0.2339,1
38.4335,0.2973,0.1431,0.8843,0.6167,20.8018,0.3167,1
6.6501,0.0814,0.1141,0.1495,0.1935,0.0494,0.0296,0
10.6257,0.0408,0.0891,0.0694,0.1759,8.6023,0.036,0
32.1816,0.1949,0.0548,0.2828,0.2199,2.6694,0.2356,1
31.7348,0.1171,0.1363,0.3234,0.2243,3.0595,0.2267,1
1.4789,0.0567,0.1442,0.1756,0.1456,5.4063,0.0,0
5.2653,0.0881,0.1636,0.2211,0.149,4.6049,0.027,0
12.0,0.0807,0.113,0.0821,0.0885,0.6604,0.0936,0
11.4713,0.043,0.1163,0.3393,0.198,4.1681,0.0949,0
12.263,0.3879,0.114,0.1875,0.2486,4.1737,0.176,1
28.8936,0.1474,0.0861,0.2366,0.1945,2.491,0.2,1
13.9777,0.3373,0.1654,0.0906,0.171,8.2494,0.157,1
10.0455,0.0561,0.0569,0.1231,0.1676,5.3648,0.0272,0
28.0,0.2916,0.1475,0.5203,0.38,13.3656,0.2801,1
23.9748,0.143,0.1228,0.2322,0.2818,5.0925,0.2,1
31.1894,0.1629,0.0556,0.0841,0.2629,1.5269,0.2,1
4.6558,0.0,0.1123,0.2742,0.1125,4.1142,0.072,0
9.4504,0.0503,0.0967,0.1811,0.1415,2.3684,0.0497,0
9.9403,0.2334,0.1275,0.1581,0.2203,7.2144,0.1743,1
10.0867,0.3131,0.1594,0.1395,0.1506,1.2633,0.1894,1
22.0,0.1273,0.1612,0.1205,0.2119,2.8905,0.223,1
22.0,0.172,0.1303,0.0784,0.2052,3.9373,0.2208,1
7.9835,0.1184,0.1375,0.2291,0.2052,4.5379,0.0015,0
9.9007,0.3224,0.1857,0.2206,0.2168,2.186,0.1384,1
4.7505,0.0884,0.0778,0.543,0.8292,12.0,0.2853,1
12.7704,0.0,0.0957,0.4442,0.7067,24.0504,0.3076,1
9.0225,0.0772,0.109,0.2634,0.05,0.0,0.0559,0
4.7755,0.0323,0.0706,0.1232,0.1935,4.6173,0.0566,0
11.9309,0.2634,0.0462,0.1381,0.1769,3.1749,0.2026,1
12.0,0.0206,0.0903,0.1682,0.3027,0.0,0.0678,0
12.0,0.0246,0.154,0.165,0.1872,9.4649,0.0,0
28.0,0.3098,0.0576,0.5824,0.7706,13.0848,0.2509,1
7.8723,0.0569,0.1025,0.5689,0.515,19.6018,0.2606,1
7.0275,0.0694,0.067,0.266,0.2265,3.3386,0.0208,0
15.8444,0.0197,0.0691,0.4822,0.4393,15.7196,0.3134,1
10.2547,0.0048,0.0846,0.05,0.229,0.0,0.02,0
13.8652,0.1195,0.097,0.6202,0.5415,18.1719,0.2786,1
3.2257,0.0537,0.1492,0.1701,0.1684,2.0118,0.0678,0
1.3603,0.0426,0.1097,0.1954,0.1529,5.8444,0.0281,0
5.3145,0.0187,0.0399,0.5813,0.5349,15.0626,0.3386,1
3.486,0.085,0.1049,0.1814,0.2578,2.2796,0.0794,0
7.269,0.0542,0.1206,0.1353,0.3011,0.7164,0.0031,0
41.5651,0.22,0.1046,0.6619,0.4803,25.1787,0.3884,1
8.6314,0.0916,0.1504,0.1719,0.0512,3.1047,0.0541,0
22.4045,0.11,0.0548,0.3366,0.3116,0.1699,0.2,1
1.0638,0.1393,0.0839,0.2728,0.1731,4.412,0.0137,0
2.6493,0.0714,0.1083,0.0784,0.0592,3.4531,0.0673,0
18.0,0.0803,0.1449,0.4945,0.411,17.3079,0.2702,1
5.9014,0.0629,0.118,0.228,0.2174,2.0615,0.1113,0
4.2111,0.3064,0.1647,0.1767,0.1558,5.4757,0.2158,1
46.794,0.2354,0.1025,0.4528,0.4138,12.0,0.386,1
6.1346,0.0416,0.1449,0.2239,0.247,1.8783,0.0314,0
35.6444,0.3216,0.1314,0.61,0.7065,19.1232,0.4056,1
4.8269,0.078,0.0754,0.1062,0.1355,3.2185,0.0057,0
28.0,0.3357,0.1172,0.7619,0.3821,14.5798,0.5064,1
0.0,0.0833,0.1019,0.1471,0.1889,1.1143,0.0,0
29.3817,0.256,0.061,0.5542,0.6505,20.253,0.3415,1
8.826,0.0758,0.111,0.6526,0.4545,18.6327,0.2,1
11.7518,0.2688,0.1306,0.2537,0.1675,2.8434,0.0423,1
7.5259,0.0424,0.0552,0.1953,0.1579,0.0,0.0341,0
2.2759,0.0903,0.0074,0.2471,0.3049,4.8378,0.0655,0
0.0,0.1069,0.1521,0.2437,0.2281,0.0,0.026,0
25.2896,0.2295,0.1642,0.1551,0.1083,8.5168,0.3005,1
0.0,0.0061,0.1011,0.1418,0.1087,1.1463,0.0231,0
22.0,0.1936,0.1087,0.1337,0.2518,4.1564,0.2,1
6.574,0.2204,0.0633,0.1551,0.1994,3.7292,0.0762,1
4.0571,0.0314,0.1209,0.2874,0.0763,2.5634,0.0387,0
9.2042,0.0606,0.1383,0.2321,0.1785,0.7964,0.0688,0
22.0,0.1989,0.0904,0.1397,0.2317,4.8663,0.328,1
22.0,0.1554,0.1116,0.113,0.1849,0.9014,0.2764,1
6.2649,0.0818,0.0492,0.1383,0.2204,0.2856,0.0869,0
22.0,0.3216,0.125,0.1498,0.1767,4.0009,0.2691,1
12.0,0.0306,0.1003,0.1763,0.2264,2.417,0.0172,0
23.4293,0.1293,0.0981,0.1824,0.1547,0.7796,0.2,1
2.0627,0.0865,0.0778,0.1096,0.1852,6.2845,0.0427,0
22.0,0.2251,0.1215,0.2371,0.1357,4.3376,0.3429,1
8.943,0.1165,0.122,0.1203,0.1559,1.6393,0.0771,0
6.0118,0.22,0.1597,0.1884,0.2117,6.7199,0.1287,1
5.5135,0.0098,0.1284,0.2313,0.1012,3.4216,0.0392,0
8.7827,0.0685,0.078,0.2091,0.1505,5.361,0.0582,0
4.2923,0.0858,0.1,0.1506,0.182,0.0,0.0913,0
2.4784,0.1305,0.1712,0.5565,0.4637,14.9388,0.2,1
24.8606,0.2064,0.1072,0.1953,0.2072,10.0278,0.2,1
7.6119,0.0832,0.0437,0.2605,0.1549,0.0,0.1429,0
8.0436,0.0152,0.182,0.1974,0.2439,1.7986,0.0576,0
1.5399,0.0538,0.1725,0.2052,0.151,4.0588,0.1104,0
8.9267,0.0536,0.0623,0.6057,0.4316,17.8992,0.2,1
23.5622,0.2048,0.0977,0.3173,0.36,3.5496,0.2,1
12.0,0.0142,0.1192,0.1154,0.176,0.0,0.0432,0
22.0,0.2319,0.0575,0.2684,0.1715,3.8148,0.2012,1
11.4498,0.3647,0.0749,0.2376,0.1225,4.4486,0.2609,1
22.0,0.2306,0.127,0.0837,0.2308,6.6474,0.2,1
6.1442,0.0535,0.1128,0.2227,0.33,1.4541,0.0304,0
6.1816,0.0,0.0264,0.0948,0.1604,1.6551,0.0328,0
1.2547,0.0605,0.1365,0.1645,0.2558,0.872,0.0,0
32.3727,0.2665,0.1145,0.5582,0.3969,27.6648,0.4961,1
4.8841,0.0947,0.0704,0.2102,0.0857,2.5393,0.0628,0
41.0942,0.2947,0.0608,0.4789,0.454,21.2644,0.2747,1
33.7759,0.2351,0.0681,0.1648,0.3038,2.4382,0.3084,1
52.7761,0.379,0.111,0.5976,0.5574,19.7232,0.2123,1
28.0,0.2512,0.0716,0.38,0.6477,18.0211,0.2671,1
22.0,0.1173,0.013,0.1227,0.1538,4.2816,0.2267,1
7.7686,0.0545,0.0807,0.1482,0.172,0.9943,0.0,0
30.8076,0.2779,0.0516,0.4234,0.4311,29.558,0.5615,1
1.8689,0.0855,0.1324,0.1115,0.0887,2.3373,0.0418,0
0.0,0.2839,0.1176,0.0832,0.1924,3.5093,0.1128,1
31.6883,0.1546,0.0484,0.1919,0.1469,0.6963,0.2546,1
7.8473,0.0859,0.0594,0.1237,0.2225,2.0043,0.0466,0
24.2254,0.1561,0.066,0.05,0.1577,4.3618,0.2319,1
2.7194,0.0379,0.1765,0.2131,0.05,3.0045,0.0447,0
1.976,0.0173,0.0976,0.2141,0.2144,6.745,0.0791,0
2.8531,0.1262,0.0336,0.05,0.1774,1.6351,0.0171,0
6.0475,0.03,0.0838,0.2971,0.202,4.0724,0.0446,0
4.9072,0.0,0.0887,0.05,0.0914,0.0,0.0716,0
26.3319,0.199,0.0681,0.3085,0.3173,3.41,0.2521,1
7.4907,0.1193,0.073,0.1437,0.2108,3.8376,0.0486,0
3.3012,0.0784,0.0706,0.2306,0.1614,2.2512,0.014,0
10.1721,0.22,0.0,0.0629,0.2353,10.6767,0.1036,1
4.9681,0.0167,0.1293,0.1547,0.2805,2.9258,0.0654,0
3.7797,0.0649,0.1253,0.313,0.204,3.4349,0.1239,0
7.4511,0.058,0.0991,0.3216,0.1911,3.672,0.028,0
5.767,0.1115,0.1087,0.1433,0.2738,5.516,0.0887,0
3.3244,0.0427,0.0213,0.1204,0.2287,7.779,0.0891,0
4.8056,0.0539,0.1117,0.082,0.2169,2.2884,0.0458,0
0.0,0.0171,0.1551,0.238,0.1858,5.3829,0.1063,0
0.0221,0.0705,0.0794,0.2945,0.35,0.8981,0.1018,0
8.2472,0.0,0.0999,0.5592,0.8105,12.0,0.2,1
11.5666,0.067,0.1031,0.2927,0.0804,0.0,0.1199,0
28.0,0.22,0.0707,0.4876,0.5278,18.7276,0.3151,1
2.8952,0.0484,0.1514,0.2032,0.1743,4.3259,0.0931,0
3.0488,0.0992,0.0372,0.1699,0.1073,1.872,0.0882,0
0.6465,0.0173,0.0897,0.1861,0.3457,2.7204,0.0376,0
3.8926,0.0,0.0568,0.1215,0.1642,4.6423,0.0876,0
9.9446,0.2323,0.1098,0.2286,0.147,4.5198,0.2493,1
4.9614,0.1032,0.1053,0.4372,0.38,12.0,0.284,1
3.0568,0.0726,0.1269,0.132,0.1252,1.0841,0.0218,0
10.4248,0.0339,0.1177,0.05,0.0997,1.9555,0.0287,0
22.0,0.2468,0.0513,0.36,0.344,9.8443,0.2557,1
5.7748,0.3434,0.1208,0.1823,0.2915,2.8689,0.0236,1
9.2293,0.0003,0.1431,0.0948,0.3287,6.9711,0.0535,0
7.6715,0.0336,0.1195,0.4293,0.3937,27.0937,0.2,1
5.7843,0.0913,0.079,0.1934,0.1628,5.1505,0.0371,0
10.5411,0.3227,0.0269,0.1948,0.2399,2.9783,0.1266,1
31.779,0.2848,0.0901,0.38,0.4109,22.1,0.3658,1
3.9791,0.0052,0.1014,0.1414,0.1389,0.0,0.0228,0
8.1572,0.1454,0.1454,0.5371,0.5384,14.4846,0.2,1
42.7275,0.22,0.1481,0.38,0.5427,21.1256,0.4398,1
0.0,0.0274,0.2,0.2128,0.1735,5.9471,0.0584,0
30.3353,0.2732,0.1011,0.7364,0.7375,22.7152,0.2768,1
8.7538,0.0798,0.0566,0.1913,0.1793,3.9819,0.0659,0
0.0,0.0048,0.1352,0.2104,0.1975,6.8113,0.0106,0
6.6887,0.063,0.0868,0.131,0.3167,6.8557,0.0634,0
4.1455,0.118,0.0956,0.1252,0.1527,0.2192,0.0079,0
2.0362,0.0613,0.1357,0.0789,0.1784,2.4153,0.0464,0
12.0,0.0,0.0757,0.2965,0.1004,6.2765,0.0617,0
1.8867,0.0404,0.0622,0.2257,0.1181,4.8744,0.0061,0
8.6397,0.0233,0.1817,0.2067,0.2226,0.0,0.0817,0
11.8765,0.0478,0.1678,0.1577,0.1533,1.4239,0.0652,0
3.9461,0.0317,0.109,0.1382,0.1551,6.3728,0.0,0
6.1506,0.0353,0.1488,0.2443,0.0717,5.045,0.1297,0
4.7533,0.048,0.1488,0.102,0.1481,3.6629,0.0915,0
29.8316,0.2094,0.0674,0.121,0.1239,6.467,0.203,1
7.121,0.0689,0.1123,0.2379,0.0986,1.8834,0.0176,0
9.4746,0.0391,0.0623,0.1864,0.1474,2.5768,0.0483,0
10.5511,0.0,0.0139,0.0617,0.2444,3.27,0.0163,0
11.6473,0.0938,0.1177,0.6611,0.5272,12.0,0.229,1
7.1558,0.0,0.1423,0.1386,0.2127,3.2278,0.0409,0
8.0469,0.2579,0.0775,0.2893,0.2284,4.9111,0.0616,1
19.3321,0.2318,0.1268,0.2145,0.0683,0.0,0.0991,1
2.5232,0.0881,0.0715,0.2697,0.0858,8.7941,0.0062,0
28.0,0.3215,0.1425,0.5564,0.6925,16.7192,0.4672,1
10.9397,0.0901,0.1133,0.38,0.38,12.0,0.2,1
6.5107,0.074,0.1025,0.5258,0.4869,12.0,0.2539,1
28.3782,0.3639,0.138,0.7051,0.4902,16.4165,0.3109,1
2.6428,0.075,0.1743,0.2115,0.1386,4.6108,0.0859,0
3.3939,0.0,0.1306,0.2969,0.151,0.0,0.0413,0
12.7182,0.0688,0.1241,0.4646,0.4023,20.4381,0.3337,1
6.0394,0.1536,0.0641,0.1639,0.198,0.3524,0.0667,0
33.0499,0.238,0.0047,0.1289,0.36,10.0064,0.2,1
15.6187,0.075,0.0943,0.38,0.5853,22.5627,0.2279,1
10.5684,0.1242,0.1091,0.5586,0.547,16.3155,0.3927,1
12.2748,0.096,0.1095,0.5144,0.38,13.6027,0.2238,1
6.694,0.3582,0.0906,0.2716,0.1606,4.4018,0.2241,1
7.9305,0.0757,0.0987,0.4662,0.5267,12.3603,0.2869,1
1.782,0.0366,0.1017,0.1325,0.1238,7.6301,0.0,0
31.1325,0.464,0.1771,0.5113,0.38,17.7146,0.3292,1
1.7847,0.0471,0.0789,0.1622,0.1274,5.8585,0.0174,0
22.0,0.2106,0.1501,0.2052,0.2159,6.0694,0.2397,1
28.0,0.3311,0.0301,0.655,0.4349,16.8352,0.4403,1
43.1394,0.3132,0.057,0.3897,0.619,15.6033,0.3024,1
7.6835,0.2539,0.1008,0.0544,0.3251,1.1465,0.0947,1
2.8552,0.0248,0.0851,0.1667,0.1792,5.1939,0.0546,0
5.909,0.0584,0.0267,0.2702,0.1814,0.0,0.057,0
11.81,0.4047,0.1573,0.0672,0.2187,2.8608,0.1955,1
0.8586,0.0008,0.1187,0.2568,0.136,4.5207,0.0845,0
28.0,0.3648,0.1234,0.5177,0.6583,12.9276,0.3957,1
34.0691,0.2382,0.1505,0.2317,0.3094,5.7269,0.3066,1
7.2903,0.0282,0.1014,0.1464,0.2277,0.5915,0.0551,0
5.8517,0.0224,0.0488,0.0815,0.2292,3.8309,0.102,0
28.0,0.3703,0.0688,0.5343,0.4864,15.1441,0.2264,1
0.0,0.0396,0.1303,0.2163,0.1777,6.5954,0.0425,0
6.7368,0.22,0.084,0.097,0.2281,2.9888,0.223,1
6.787,0.0527,0.0912,0.5291,0.38,17.4264,0.2045,1
0.7098,0.089,0.1207,0.1061,0.07,4.5964,0.0378,0
36.9581,0.3034,0.1236,0.5577,0.4163,16.5628,0.407,1
0.0,0.0491,0.1355,0.1875,0.1973,1.4079,0.0763,0
5.8692,0.0991,0.0537,0.38,0.5704,12.0,0.2769,1
6.194,0.0131,0.131,0.1061,0.0876,2.275,0.004,0
3.5717,0.0267,0.1021,0.1657,0.2295,3.2258,0.0541,0
13.6598,0.3165,0.0733,0.2451,0.1029,4.0366,0.0571,1
10.0644,0.0592,0.0657,0.1236,0.1214,3.6052,0.0654,0
28.0,0.2366,0.1601,0.38,0.8308,18.7796,0.2571,1
6.9942,0.07,0.1447,0.1075,0.35,0.8389,0.076,0
5.1683,0.0996,0.1827,0.1492,0.1771,3.1498,0.0677,0
12.0,0.0803,0.0001,0.2084,0.208,3.7051,0.0289,0
30.7332,0.2799,0.0764,0.1762,0.2534,5.8795,0.2,1
9.0711,0.0251,0.1353,0.2252,0.1736,2.2739,0.01,0
3.0438,0.0729,0.1384,0.2475,0.1815,5.0762,0.0166,0
22.0,0.173,0.1483,0.1879,0.1725,5.2262,0.2519,1
12.0,0.0155,0.0815,0.05,0.2133,3.7902,0.06,0
0.6196,0.0473,0.1874,0.2993,0.0775,0.7857,0.0144,0
22.0,0.1945,0.0694,0.2426,0.2662,3.3719,0.2338,1
39.0182,0.2428,0.1628,0.5482,0.4892,16.9855,0.2,1
10.5003,0.0995,0.1016,0.4769,0.5362,21.2359,0.3127,1
10.7416,0.3343,0.165,0.1957,0.1626,0.6608,0.124,1
14.6804,0.0692,0.1043,0.4757,0.5394,12.0,0.3545,1
10.32,0.4238,0.1201,0.2025,0.1486,3.1462,0.2138,1
8.493,0.0,0.04,0.1668,0.1646,2.0395,0.1062,0
4.9788,0.0335,0.0406,0.2008,0.1362,3.1581,0.0148,0
28.0,0.3212,0.1005,0.6457,0.72,12.5038,0.3474,1
4.1411,0.0836,0.0961,0.1201,0.1687,2.9898,0.0609,0
6.8748,0.0,0.0423,0.5219,0.5785,15.1227,0.2203,1
6.3814,0.0272,0.1167,0.2657,0.1543,3.7414,0.0963,0
33.7076,0.3274,0.0872,0.38,0.3893,12.0,0.3418,1
9.2014,0.0385,0.1432,0.1826,0.2067,0.3562,0.0391,0
8.3736,0.0203,0.1111,0.1895,0.1912,4.0329,0.0287,0
7.3559,0.2833,0.1221,0.2707,0.0808,1.665,0.2444,1
22.0,0.157,0.0749,0.3146,0.2703,9.6716,0.2,1
5.0441,0.0951,0.1071,0.1775,0.05,5.0257,0.1034,0
3.0923,0.0779,0.0423,0.5453,0.4086,13.278,0.2724,1
6.1706,0.0,0.1661,0.1587,0.1236,3.9573,0.0547,0
4.3876,0.064,0.061,0.1513,0.148,4.2416,0.1255,0
10.1637,0.121,0.0864,0.35,0.1073,2.2311,0.0692,0
4.8798,0.0401,0.1645,0.5185,0.4746,17.9912,0.4572,1
6.15,0.0293,0.0752,0.4821,0.6094,12.0,0.2655,1
7.6615,0.0777,0.058,0.2569,0.05,0.0,0.0,0
31.77,0.1754,0.2,0.1324,0.1968,2.1156,0.2,1
3.1499,0.1141,0.0753,0.5167,0.448,12.0,0.3052,1
1.9353,0.0435,0.0927,0.2366,0.1753,7.1323,0.0526,0
29.5853,0.2253,0.1234,0.1817,0.2821,2.0618,0.2779,1
6.9981,0.0943,0.1473,0.1374,0.2489,3.8318,0.0,0
16.2414,0.1104,0.0666,0.38,0.4376,20.3838,0.3012,1
1.7724,0.0139,0.0712,0.2151,0.1841,1.3025,0.1007,0
1.2279,0.0823,0.15,0.1458,0.2076,0.0,0.0249,0
3.5957,0.0,0.1781,0.0621,0.3051,0.456,0.0,0
3.5465,0.074,0.1533,0.1895,0.1972,5.8454,0.0,0
28.1673,0.3416,0.1097,0.5055,0.4877,12.8969,0.285,1
8.3553,0.2472,0.0357,0.2317,0.0804,3.3033,0.106,1
9.2217,0.22,0.0833,0.1883,0.05,4.7782,0.1917,1
7.2153,0.0663,0.0922,0.1608,0.2429,1.5182,0.1322,0
4.5017,0.0049,0.105,0.0993,0.2015,2.3041,0.0329,0
6.1279,0.3587,0.1361,0.2058,0.2051,3.984,0.1933,1
22.0,0.2175,0.1039,0.1142,0.2352,4.9683,0.2,1
8.2749,0.1309,0.1477,0.1713,0.1343,4.8926,0.0614,0
5.5928,0.0601,0.0976,0.1875,0.1697,2.8392,0.0805,0
7.1868,0.114,0.1163,0.4979,0.5102,12.0,0.351,1
9.0577,0.0685,0.1336,0.1771,0.1308,1.9749,0.0379,0
7.686,0.0882,0.0381,0.1986,0.069,1.061,0.0892,0
32.727,0.3328,0.1083,0.4313,0.4427,12.0,0.4395,1
5.171,0.06,0.1044,0.156,0.0579,7.3608,0.05,0
11.4097,0.2879,0.1122,0.1647,0.3495,2.0771,0.1518,1
2.3803,0.0283,0.0941,0.1948,0.1324,3.0056,0.0143,0
9.3613,0.0895,0.1412,0.2017,0.1969,1.6414,0.0575,0
4.3459,0.0372,0.0602,0.1609,0.2109,0.7434,0.0275,0
4.3128,0.0475,0.0845,0.2878,0.2406,2.4766,0.1102,0
0.9996,0.0572,0.1175,0.1472,0.1549,5.1268,0.0317,0
0.6676,0.0804,0.1351,0.1115,0.2513,9.5171,0.0781,0
5.7576,0.036,0.019,0.1765,0.1545,3.6087,0.0761,0
32.2902,0.4638,0.0401,0.552,0.6655,12.0,0.2705,1
28.0,0.3105,0.0907,0.8333,0.5688,16.7436,0.3589,1
6.0364,0.0748,0.1417,0.1606,0.1,0.0,0.0,0
25.9299,0.1351,0.071,0.2799,0.2364,2.103,0.2,1
10.338,0.0635,0.1262,0.38,0.38,23.7987,0.2,1
26.7729,0.198,0.1021,0.36,0.1902,4.5974,0.2703,1
1.113,0.0,0.1029,0.0889,0.1821,7.0002,0.0089,0
23.1022,0.1909,0.1265,0.2504,0.3078,4.4454,0.309,1
28.3617,0.22,0.1421,0.4738,0.6923,16.9124,0.2991,1
41.6272,0.3788,0.0597,0.38,0.3939,18.4459,0.2773,1
8.9643,0.0997,0.0726,0.6249,0.5253,12.0,0.3964,1
2.7009,0.0615,0.1377,0.2564,0.2756,4.5584,0.0,0
4.3947,0.0245,0.0303,0.1355,0.1946,5.6449,0.019,0
4.4355,0.0307,0.0708,0.1036,0.1173,3.7642,0.0104,0
7.5992,0.336,0.0492,0.1885,0.1538,5.9766,0.1851,1
6.3206,0.0827,0.0909,0.1848,0.3019,3.4162,0.037,0
23.1298,0.2037,0.144,0.1767,0.2571,4.6917,0.2,1
6.7028,0.0,0.0569,0.2638,0.1971,1.3775,0.039,0
4.0914,0.0569,0.0604,0.2524,0.1203,0.0,0.0606,0
3.1705,0.1222,0.1426,0.1568,0.2634,0.0,0.0402,0
5.225,0.0286,0.0661,0.1947,0.0802,0.0,0.0303,0
36.8922,0.1131,0.133,0.2506,0.2122,5.9565,0.2,1
9.6109,0.0693,0.1009,0.1895,0.2004,3.0077,0.0869,0
22.0,0.2276,0.1057,0.1137,0.2206,1.4199,0.2336,1
2.455,0.0772,0.0268,0.0771,0.2411,9.1497,0.066,0
22.0,0.1,0.1006,0.05,0.2217,6.0955,0.2,1
28.4922,0.2408,0.1207,0.66,0.7093,19.3152,0.4842,1
11.3986,0.2327,0.0852,0.2104,0.1137,3.4512,0.1033,1
32.2277,0.2226,0.0698,0.4483,0.4524,17.998,0.4196,1
4.6069,0.0722,0.107,0.1341,0.0955,1.6021,0.0715,0
28.0,0.2465,0.0638,0.7023,0.4834,23.1217,0.5063,1
5.1818,0.0523,0.1089,0.2068,0.2634,3.3396,0.0108,0
7.132,0.0201,0.0791,0.1685,0.1965,6.9213,0.0344,0
28.0,0.4378,0.1067,0.6304,0.6706,17.3079,0.3498,1
22.0,0.1709,0.114,0.2525,0.2881,3.4922,0.2857,1
2.6798,0.051,0.0,0.2009,0.2843,4.0229,0.0,0
8.339,0.0,0.1667,0.2087,0.1466,2.3817,0.0985,0
5.8469,0.0213,0.0485,0.1388,0.194,3.543,0.0,0
28.0,0.2291,0.034,0.759,0.6459,26.4219,0.3276,1
4.1286,0.0071,0.117,0.2211,0.2712,0.0,0.0617,0
31.2686,0.2404,0.1148,0.3097,0.1,4.7498,0.2,1
24.4493,0.1177,0.062,0.183,0.1157,5.4821,0.2432,1
31.3203,0.3753,0.1957,0.632,0.509,12.7303,0.4438,1
10.972,0.1531,0.1675,0.6291,0.38,19.5355,0.236,1
5.2566,0.112,0.1148,0.231,0.0881,4.5103,0.1099,0
5.6722,0.0475,0.0973,0.182,0.1742,5.8931,0.0555,0
25.6417,0.1846,0.0448,0.2508,0.1191,4.8232,0.2887,1
2.0917,0.0875,0.0787,0.1701,0.2797,5.5773,0.0832,0
1.5743,0.0071,0.1403,0.1015,0.1375,5.9064,0.0485,0
28.0,0.4216,0.0417,0.4579,0.38,25.0215,0.2796,1
31.1153,0.3995,0.0609,0.5009,0.5146,20.9141,0.5108,1
7.1281,0.0844,0.1692,0.38,0.5938,12.0,0.3154,1
29.3916,0.22,0.2,0.4066,0.4629,14.5009,0.4743,1
5.3477,0.0754,0.1512,0.1909,0.05,8.3025,0.042,0
28.0,0.22,0.1067,0.46,0.4197,12.0,0.3983,1
4.2331,0.0579,0.1078,0.0711,0.1471,1.0128,0.0,0
40.5901,0.393,0.112,0.5183,0.6291,14.1706,0.4491,1
0.0,0.0585,0.0764,0.1606,0.1755,5.6203,0.0622,0
12.4738,0.2855,0.1278,0.2858,0.1336,6.7059,0.0307,1
9.334,0.0425,0.1192,0.0633,0.2666,3.8319,0.0364,0
22.0,0.188,0.043,0.1931,0.1437,4.855,0.2547,1
8.1234,0.0961,0.0887,0.6211,0.4274,12.0,0.2,1
4.6859,0.0848,0.0757,0.05,0.1937,5.4715,0.1136,0
3.8788,0.0408,0.0793,0.0932,0.2703,1.4143,0.0214,0
34.0341,0.22,0.1264,0.4577,0.5268,19.455,0.3248,1
6.1295,0.0615,0.1183,0.1891,0.05,0.0,0.0342,0
5.8961,0.0506,0.0817,0.0822,0.2368,5.2852,0.0667,0
33.482,0.2883,0.1389,0.1963,0.1902,6.8492,0.3649,1
30.8078,0.2122,0.0728,0.1865,0.2078,8.1712,0.2207,1
7.7112,0.1026,0.1575,0.2305,0.1568,0.0,0.0399,0
36.5723,0.4054,0.165,0.4636,0.5746,29.732,0.5508,1
28.0,0.3771,0.0521,0.4355,0.462,13.5121,0.3429,1
30.2684,0.22,0.0431,0.4217,0.6567,25.8383,0.4409,1
12.3682,0.1211,0.0756,0.4225,0.4527,12.0,0.3363,1
1.4202,0.0048,0.1321,0.1723,0.2026,1.8856,0.0467,0
12.7504,0.1041,0.0396,0.38,0.38,21.6935,0.3241,1
0.0,0.0416,0.1516,0.1887,0.2378,1.5852,0.0209,0
28.0,0.2657,0.2,0.6369,0.38,15.6048,0.2208,1
8.7292,0.006,0.0526,0.2178,0.1419,1.7677,0.0943,0
30.6249,0.2913,0.1834,0.4347,0.6271,19.4864,0.2,1
1.765,0.136,0.108,0.6597,0.4921,15.0884,0.2311,1
4.6254,0.0,0.1436,0.1663,0.0973,2.8969,0.0813,0
2.551,0.0708,0.1063,0.1714,0.1682,1.0496,0.0462,0
12.0745,0.1001,0.0844,0.5654,0.4632,19.4357,0.2234,1
31.9184,0.267,0.0794,0.5985,0.5287,17.4201,0.4068,1
2.9021,0.1146,0.1476,0.2762,0.0793,2.4031,0.0073,0
14.3575,0.3117,0.1384,0.2133,0.1935,2.2798,0.1887,1
22.0,0.1446,0.0826,0.2278,0.2354,1.0003,0.2,1
11.5492,0.0498,0.1344,0.6718,0.6739,12.0,0.3466,1
22.0,0.1363,0.0,0.1769,0.2427,11.0,0.2495,1
3.9179,0.1744,0.1205,0.2557,0.1711,4.9952,0.0,0
5.0901,0.0839,0.1144,0.38,0.4435,18.4971,0.2107,1
6.7266,0.0855,0.1041,0.1511,0.2042,5.8042,0.0809,0
8.5675,0.0488,0.1077,0.6208,0.4784,12.0,0.2,1
6.3092,0.044,0.0563,0.0851,0.2477,2.0612,0.0193,0
12.0,0.0994,0.1398,0.2912,0.0874,3.5901,0.0375,0
12.73,0.3363,0.0979,0.1119,0.2861,3.9926,0.2655,1
9.6487,0.0286,0.0733,0.2154,0.2537,0.8009,0.0501,0
15.8213,0.0204,0.1893,0.5181,0.3823,19.118,0.2597,1
10.2042,0.0174,0.1375,0.38,0.41,12.0,0.2963,1
40.284,0.242,0.0715,0.479,0.7002,22.9957,0.3327,1
4.7809,0.0284,0.0614,0.35,0.2223,5.984,0.0643,0
6.8543,0.029,0.1352,0.1681,0.0574,0.0,0.0813,0
13.0278,0.3063,0.0705,0.2254,0.2062,3.8127,0.1055,1
0.7663,0.0319,0.1414,0.107,0.3074,6.1731,0.0,0
22.0,0.2682,0.0876,0.3422,0.1577,4.3969,0.2,1
29.5974,0.1101,0.1613,0.1748,0.2102,0.6495,0.2,1
0.0,0.0573,0.1242,0.1866,0.1789,1.2247,0.02,0
5.7982,0.0731,0.0693,0.5568,0.4606,12.2248,0.2931,1
6.0449,0.1158,0.1215,0.38,0.6203,12.0,0.2435,1
9.1673,0.0033,0.141,0.05,0.1163,2.2822,0.0113,0
23.483,0.1244,0.131,0.3044,0.2344,7.2712,0.2423,1
28.0,0.3929,0.0668,0.5684,0.6325,12.0,0.3567,1
31.4968,0.3156,0.0867,0.5161,0.38,12.1154,0.3286,1
22.0,0.2919,0.0548,0.0653,0.1775,3.8688,0.1327,1
8.5307,0.1381,0.0325,0.3838,0.5382,12.0,0.2883,1
25.067,0.2032,0.0764,0.1641,0.139,6.5712,0.2461,1
0.0,0.0192,0.0817,0.1725,0.2553,4.5734,0.0463,0
5.2593,0.0,0.1356,0.218,0.1572,5.124,0.0,0
22.0,0.1221,0.1043,0.2863,0.1935,3.8998,0.2,1
5.6526,0.0073,0.0498,0.1824,0.1837,4.2997,0.0,0
14.2783,0.0858,0.0508,0.5389,0.5838,12.0,0.2,1
4.7394,0.0399,0.0252,0.1213,0.1291,2.8779,0.0668,0
13.2251,0.0356,0.064,0.6777,0.4846,17.5542,0.3225,1
2.1276,0.0257,0.0722,0.147,0.0727,4.6571,0.0927,0
5.9835,0.0628,0.0749,0.05,0.2814,2.8554,0.0508,0
12.0,0.0238,0.1255,0.1635,0.35,5.0251,0.0326,0
12.3005,0.0803,0.0679,0.3892,0.5258,19.9863,0.2,1
7.7741,0.2943,0.1071,0.2518,0.1428,0.0,0.1583,1
1.1382,0.0318,0.1604,0.0577,0.2404,4.6982,0.0265,0
6.8118,0.1147,0.0602,0.248,0.1099,1.2372,0.0729,0
2.543,0.0558,0.1198,0.2482,0.1997,3.512,0.1106,0
5.4063,0.0221,0.0924,0.4461,0.51,26.6365,0.2,1
2.628,0.0,0.1328,0.2301,0.1855,4.3272,0.0987,0
3.2863,0.1465,0.1353,0.38,0.5293,16.7494,0.2705,1
5.7293,0.0494,0.0324,0.1512,0.2212,6.1667,0.1073,0
4.251,0.0236,0.0876,0.234,0.1619,2.5719,0.0011,0
2.0356,0.0861,0.1097,0.2457,0.1284,0.187,0.0343,0
6.0844,0.0298,0.1338,0.3006,0.05,3.48,0.0421,0
22.0,0.2456,0.1519,0.2236,0.2644,6.2011,0.2,1
10.2392,0.0637,0.1451,0.5359,0.5754,20.318,0.2387,1
5.1234,0.0614,0.1759,0.1079,0.0911,7.0927,0.0484,0
6.6614,0.028,0.0814,0.1639,0.1119,4.9183,0.0786,0
5.989,0.1089,0.1278,0.2109,0.2006,2.8781,0.0572,0
6.6584,0.1027,0.1044,0.1141,0.1157,0.0,0.073,0
8.5336,0.22,0.1567,0.2156,0.2526,4.1086,0.196,1
7.9742,0.0317,0.0434,0.3986,0.38,17.7207,0.2,1
11.1329,0.0574,0.094,0.0503,0.1172,6.8208,0.1136,0
28.8126,0.2587,0.087,0.7178,0.38,12.6828,0.2351,1
28.1323,0.1742,0.0933,0.2587,0.2377,2.6111,0.2,1
2.6837,0.088,0.1074,0.0844,0.1271,3.525,0.0165,0
35.5522,0.2347,0.0777,0.6726,0.452,19.7638,0.2445,1
4.8697,0.0317,0.1568,0.1622,0.2974,0.0,0.0044,0
42.0979,0.2962,0.1052,0.4615,0.4507,15.8094,0.2689,1
0.0462,0.0427,0.0717,0.1649,0.1389,2.6778,0.0364,0
5.0735,0.0144,0.1167,0.1627,0.2301,3.3785,0.0,0
12.0,0.0375,0.1313,0.137,0.1823,0.46,0.0526,0
36.9736,0.3268,0.0646,0.7885,0.7153,24.0351,0.2339,1
11.1978,0.0628,0.1521,0.1416,0.1997,0.3307,0.0525,0
8.3234,0.0587,0.0738,0.2305,0.1484,4.088,0.0747,0
4.7917,0.0797,0.1018,0.2268,0.2341,4.7832,0.1097,0
10.9578,0.0811,0.0801,0.1818,0.2133,0.0,0.0183,0
40.6759,0.2221,0.1673,0.5772,0.7654,13.6663,0.3793,1
6.3486,0.1276,0.0248,0.1661,0.1695,6.639,0.0,0
25.2993,0.1756,0.1135,0.2443,0.2719,9.0782,0.2943,1
28.0,0.3627,0.0475,0.5136,0.4549,18.3984,0.4448,1
22.0,0.1289,0.0991,0.2295,0.1614,5.6557,0.2,1
12.0,0.0327,0.1206,0.1976,0.2414,0.8105,0.0317,0
39.7489,0.3797,0.0989,0.5156,0.5341,18.2924,0.2577,1
2.1222,0.0449,0.1282,0.1236,0.1152,2.8428,0.0126,0
6.2127,0.0303,0.1029,0.2121,0.0815,3.8635,0.0267,0
22.0,0.1186,0.1734,0.1932,0.2567,8.8522,0.2,1
2.8597,0.0424,0.1572,0.2374,0.1446,10.0,0.0227,0
28.0,0.22,0.0646,0.5428,0.4715,12.1845,0.4066,1
4.8854,0.0699,0.1149,0.1736,0.2405,4.9769,0.0362,0
4.5523,0.0111,0.0879,0.0961,0.2285,0.6777,0.0734,0
13.7106,0.2627,0.0043,0.1497,0.2581,1.6882,0.0986,1
2.206,0.0281,0.1063,0.1012,0.2267,0.7106,0.0009,0
12.0,0.1108,0.1119,0.2367,0.2515,1.634,0.0975,0
28.0,0.3901,0.1255,0.4495,0.5292,21.8473,0.2747,1
2.8861,0.0562,0.0986,0.1669,0.2207,3.2097,0.0,0
8.1059,0.2468,0.0872,0.1447,0.1559,1.5492,0.1504,1
30.5501,0.2601,0.0848,0.6631,0.7597,23.5211,0.2693,1
2.8131,0.1291,0.1129,0.2326,0.0702,2.5653,0.0,0
10.0464,0.0525,0.1254,0.4672,0.4416,13.0565,0.3153,1
28.9613,0.22,0.1171,0.4738,0.4082,21.9734,0.5177,1
11.6959,0.1334,0.0759,0.534,0.6718,12.0,0.3321,1
0.0,0.0503,0.109,0.5171,0.5542,22.6672,0.2,1
14.609,0.3108,0.1529,0.1573,0.1914,1.5099,0.2111,1
6.5037,0.1196,0.1234,0.2902,0.1738,2.7791,0.0829,0
9.1003,0.2382,0.0,0.05,0.1996,1.2448,0.1981,1
3.1498,0.0534,0.0649,0.1379,0.2343,2.5023,0.0809,0
2.7133,0.07,0.0707,0.104,0.225,3.7334,0.0104,0
4.0138,0.084,0.1192,0.0577,0.1495,2.6877,0.0239,0
10.717,0.0664,0.1123,0.3001,0.274,5.5549,0.0388,0
28.0,0.322,0.1217,0.4307,0.6802,19.7853,0.4345,1
1.5364,0.0028,0.0666,0.1608,0.2061,5.1975,0.0574,0
0.0739,0.0154,0.1636,0.1429,0.2691,3.1743,0.08,0
5.2443,0.0328,0.1032,0.1033,0.0954,2.4306,0.0315,0
28.8464,0.2193,0.0372,0.1517,0.2538,6.4197,0.3065,1
6.2142,0.049,0.1075,0.6958,0.5295,17.8236,0.3177,1
5.2073,0.0253,0.1146,0.1792,0.3072,2.035,0.1022,0
8.1322,0.0,0.0256,0.2079,0.1515,2.1791,0.0455,0
8.4451,0.0503,0.0613,0.1557,0.1395,3.372,0.01,0
11.2942,0.121,0.0108,0.6235,0.38,21.1571,0.3223,1
1.2023,0.1182,0.1051,0.5784,0.5138,19.4763,0.4238,1
15.3325,0.1238,0.1189,0.559,0.38,24.4923,0.2,1
22.0,0.2594,0.0847,0.0989,0.1239,2.9023,0.2,1
10.3697,0.22,0.1411,0.1957,0.128,7.7693,0.0833,1
3.4169,0.0408,0.1202,0.1672,0.2025,3.3813,0.117,0
7.3439,0.0352,0.0544,0.2528,0.1171,0.6465,0.0,0
7.5402,0.0102,0.0886,0.1387,0.3456,3.8474,0.0031,0
2.2529,0.0865,0.1338,0.2113,0.1733,5.0437,0.0645,0
26.3397,0.1,0.1238,0.1316,0.2191,6.1464,0.2,1
4.7242,0.1408,0.0774,0.4212,0.5836,14.8662,0.3157,1
2.7275,0.0,0.101,0.0562,0.2289,8.1281,0.1149,0
28.0,0.4255,0.0679,0.5915,0.38,16.55,0.3059,1
1.8099,0.0267,0.102,0.38,0.4409,12.0,0.2,1
4.2893,0.0496,0.1587,0.1785,0.1227,1.2332,0.0798,0
8.4364,0.3944,0.0941,0.1989,0.2177,1.1177,0.2455,1
32.1166,0.2275,0.0898,0.221,0.1786,4.4462,0.2251,1
1.4146,0.0,0.1469,0.2069,0.2016,4.5182,0.0193,0
1.5994,0.119,0.0614,0.2557,0.19,3.7612,0.1099,0
3.9848,0.0592,0.0915,0.4451,0.474,16.2069,0.2009,1
22.0,0.1704,0.0998,0.2689,0.2527,3.785,0.3375,1
4.4402,0.0868,0.1031,0.1904,0.2314,4.3533,0.0567,0
3.2719,0.0055,0.1045,0.05,0.2678,4.0146,0.0376,0
6.8027,0.0447,0.136,0.2469,0.1756,1.1831,0.0599,0
1.0608,0.0099,0.1158,0.0817,0.3338,0.0,0.0,0
1.7889,0.22,0.0994,0.1232,0.1782,8.1731,0.0994,1
7.6988,0.2307,0.1092,0.1286,0.1828,4.7703,0.0594,1
8.5842,0.0634,0.0132,0.2128,0.05,1.2875,0.0999,0
8.3743,0.0929,0.0845,0.2295,0.2161,0.0806,0.031,0
29.7149,0.4171,0.142,0.4778,0.6695,18.219,0.3395,1
10.2216,0.2274,0.0776,0.2282,0.2461,5.6575,0.1565,1
3.9178,0.0179,0.1082,0.2052,0.2518,2.9613,0.0454,0
6.5738,0.0909,0.0665,0.6295,0.4374,20.2933,0.3362,1
3.4609,0.1218,0.1168,0.2664,0.0796,9.7458,0.0219,0
15.3777,0.3001,0.091,0.1668,0.2829,5.5906,0.1376,1
12.0,0.0445,0.0697,0.2533,0.2742,3.3765,0.0179,0
28.0,0.3144,0.1342,0.7576,0.38,12.0,0.2192,1
7.3786,0.1235,0.0984,0.1814,0.1358,3.4162,0.0508,0
8.4419,0.0506,0.0897,0.502,0.6335,17.693,0.324,1
22.0,0.1016,0.095,0.2723,0.1879,5.06,0.2783,1
9.893,0.3322,0.0805,0.1495,0.1853,5.4068,0.1493,1
6.0809,0.0982,0.0802,0.1896,0.1479,3.5941,0.0682,0
2.1871,0.1295,0.0375,0.1398,0.136,0.0,0.0,0
6.6696,0.0,0.0718,0.1427,0.1144,4.0284,0.0053,0
28.0,0.4095,0.1158,0.5199,0.6352,21.6773,0.4018,1
0.0,0.0867,0.0911,0.1552,0.1147,7.2441,0.0375,0
8.8805,0.0914,0.134,0.05,0.1732,0.0,0.0052,0
5.9124,0.0656,0.1078,0.2247,0.2027,3.0189,0.0062,0
11.1418,0.0642,0.1541,0.1446,0.1823,0.0,0.0897,0
7.2588,0.133,0.029,0.2113,0.1415,2.2046,0.0848,0
2.7421,0.0288,0.1277,0.181,0.1452,1.5407,0.079,0
9.1894,0.2891,0.1317,0.0681,0.1708,0.0,0.1164,1
12.4886,0.1342,0.0801,0.6506,0.4994,12.0,0.2235,1
31.0585,0.3597,0.0997,0.6532,0.6695,12.0,0.3305,1
13.4613,0.0587,0.0757,0.5473,0.4841,12.1388,0.254,1
45.9003,0.22,0.1249,0.6149,0.5058,24.2303,0.4239,1
4.131,0.1206,0.1329,0.6963,0.5514,22.9823,0.3163,1
7.7586,0.3375,0.0404,0.1819,0.263,2.7819,0.1101,1
0.5189,0.12,0.1152,0.1379,0.15,1.0109,0.0273,0
2.2333,0.1465,0.0451,0.0834,0.05,5.8506,0.0645,0
11.9776,0.097,0.1338,0.4051,0.5203,12.0,0.2495,1
4.9313,0.0933,0.1439,0.152,0.2115,8.8641,0.0609,0
11.6158,0.406,0.0622,0.2475,0.1341,4.2829,0.2379,1
6.3973,0.0722,0.054,0.2721,0.2151,4.2002,0.0702,0
28.5828,0.129,0.1248,0.3046,0.2126,4.7681,0.2,1
22.8814,0.2416,0.1053,0.244,0.1992,9.2271,0.2314,1
13.3078,0.2211,0.1277,0.1607,0.19,3.3475,0.2185,1
15.7598,0.3875,0.105,0.1036,0.22,0.0,0.103,1
5.6464,0.18,0.0457,0.2505,0.0515,8.1141,0.0156,0
3.6514,0.0223,0.1222,0.05,0.184,0.65,0.0377,0
7.06,0.0396,0.0537,0.1888,0.1198,0.0,0.0216,0
24.4481,0.1,0.1272,0.36,0.1971,6.3654,0.2354,1
6.3829,0.1085,0.0965,0.5114,0.5709,21.0331,0.3277,1
28.0,0.22,0.0763,0.38,0.5275,21.2196,0.2643,1
28.0,0.22,0.1347,0.6499,0.4293,16.3942,0.2861,1
5.8905,0.0379,0.2,0.161,0.1277,1.7771,0.0409,0
4.8786,0.0856,0.0612,0.126,0.207,5.5785,0.1366,0
5.6878,0.0693,0.102,0.2563,0.2149,4.146,0.0775,0
4.0554,0.0768,0.0611,0.2422,0.1447,5.8838,0.0111,0
8.0752,0.1133,0.0298,0.5879,0.5922,13.2303,0.251,1
5.3364,0.0346,0.0513,0.2401,0.05,1.1961,0.1422,0
9.2691,0.3039,0.1177,0.1631,0.171,6.613,0.2707,1
28.0,0.2927,0.1179,0.6838,0.5545,17.6283,0.3584,1
31.2442,0.3453,0.1285,0.457,0.5106,21.6326,0.3191,1
6.3442,0.0623,0.1058,0.2211,0.05,0.0,0.0,0
5.1698,0.0764,0.12,0.1286,0.0944,2.2179,0.0339,0
5.3047,0.0,0.131,0.0976,0.0905,0.0,0.0366,0
6.3328,0.0469,0.0914,0.4586,0.396,12.0,0.3228,1
7.4367,0.0,0.0828,0.2028,0.194,1.603,0.0586,0
2.6808,0.1044,0.0614,0.167,0.1542,0.0,0.0882,0
0.0,0.0537,0.0769,0.1829,0.2123,1.4646,0.0885,0
13.0019,0.3519,0.0667,0.162,0.1417,0.4338,0.0765,1
10.3974,0.0119,0.1343,0.2404,0.1059,2.9517,0.0218,0
12.0,0.0,0.106,0.1191,0.1418,5.3156,0.0668,0
29.8802,0.2653,0.0786,0.5667,0.626,26.8249,0.4892,1
22.0,0.213,0.0686,0.156,0.3214,6.8118,0.2,1
2.0628,0.0474,0.1378,0.1857,0.252,2.6903,0.0495,0
25.4096,0.193,0.0713,0.0998,0.1816,1.7864,0.213,1
0.0,0.0675,0.1239,0.2105,0.0702,2.3175,0.1302,0
12.1302,0.0037,0.0961,0.38,0.4197,25.8997,0.2504,1
22.0,0.1511,0.1002,0.36,0.1975,2.9512,0.2,1
28.0,0.2252,0.0935,0.5752,0.5479,21.4758,0.4123,1
0.0,0.0249,0.0855,0.2001,0.118,2.8179,0.0,0
17.9555,0.2433,0.0161,0.2685,0.1321,1.6004,0.149,1
6.7349,0.0497,0.0388,0.1865,0.1136,2.583,0.0536,0
0.0,0.0718,0.0599,0.38,0.7908,21.2385,0.2735,1
4.0934,0.018,0.1456,0.263,0.1837,1.251,0.0808,0
0.0,0.0934,0.0485,0.2488,0.2154,6.7386,0.0831,0
28.4936,0.1763,0.1045,0.2538,0.1949,2.5314,0.2,1
14.2618,0.042,0.0875,0.4012,0.38,18.51,0.2871,1
2.0868,0.0352,0.0442,0.0658,0.1906,2.858,0.0157,0
16.1405,0.248,0.0972,0.1411,0.2569,5.5261,0.1209,1
7.8772,0.01,0.0844,0.1351,0.2595,0.4258,0.0,0
8.4144,0.0392,0.0842,0.2259,0.2219,2.466,0.0961,0
4.8055,0.0435,0.1045,0.35,0.2474,0.0,0.0754,0
7.2351,0.0823,0.1599,0.0935,0.2205,1.9627,0.0824,0
38.2541,0.2804,0.1356,0.5773,0.5677,12.299,0.2934,1
0.0,0.0991,0.1479,0.1638,0.1197,7.1994,0.0859,0
9.9939,0.22,0.1789,0.241,0.1481,0.8424,0.0827,1
5.6916,0.0719,0.0438,0.231,0.1823,4.4616,0.0841,0
3.0672,0.0,0.071,0.0535,0.1367,1.5893,0.0722,0
3.3064,0.0,0.1278,0.2239,0.1202,6.2211,0.0683,0
6.2027,0.0806,0.117,0.2087,0.0858,4.8499,0.0423,0
4.8007,0.0401,0.0957,0.0961,0.2402,0.0,0.0255,0
12.1088,0.1187,0.1032,0.6382,0.3842,12.3928,0.3628,1
28.0,0.3775,0.0785,0.7544,0.38,14.6425,0.3358,1
4.2827,0.2935,0.1608,0.3139,0.2542,7.8683,0.2389,1
3.8631,0.0721,0.1034,0.133,0.1518,3.3158,0.0985,0
4.447,0.0769,0.0906,0.2075,0.1525,3.703,0.0381,0
3.6414,0.1388,0.0175,0.0941,0.1813,6.5505,0.0289,0
8.0537,0.2505,0.0455,0.2278,0.1855,5.2029,0.1852,1
13.0691,0.0768,0.1026,0.5292,0.38,12.0,0.292,1
4.1296,0.0258,0.1469,0.2659,0.1259,0.5287,0.0,0
5.3882,0.0935,0.0845,0.2601,0.1882,1.0231,0.0778,0
28.0,0.22,0.1728,0.6913,0.4513,12.4275,0.4058,1
5.2866,0.0326,0.1289,0.1878,0.2759,0.0,0.0335,0
31.0634,0.2298,0.1056,0.5612,0.5664,12.0,0.5202,1
5.6967,0.0255,0.1468,0.1783,0.2437,5.6001,0.033,0
5.9682,0.2577,0.1297,0.234,0.2276,5.6854,0.115,1
7.5283,0.0606,0.0522,0.1101,0.1642,2.2319,0.0943,0
10.7369,0.0288,0.0528,0.1603,0.27,1.4078,0.0559,0
29.012,0.2166,0.1012,0.1408,0.1782,9.5786,0.2073,1
7.004,0.0636,0.1144,0.292,0.2079,5.6604,0.0758,0
11.4912,0.22,0.0939,0.2041,0.1386,8.5861,0.1619,1
10.3646,0.0824,0.0325,0.1222,0.2587,3.3696,0.1066,0
6.3341,0.0405,0.0467,0.2222,0.2332,2.1065,0.1553,0
1.94,0.22,0.0438,0.267,0.2179,2.3546,0.0367,1
23.6391,0.2673,0.1244,0.0694,0.226,4.3136,0.2484,1
6.3311,0.0452,0.0514,0.5999,0.38,18.984,0.2843,1
22.6835,0.2759,0.0936,0.1534,0.05,6.9601,0.2,1
22.589,0.2397,0.1433,0.2012,0.108,4.199,0.2,1
5.5265,0.074,0.1652,0.1442,0.2543,2.97,0.0388,0
31.6205,0.1638,0.0345,0.0985,0.2145,4.3614,0.3291,1
3.9317,0.0647,0.1451,0.1923,0.267,3.2032,0.0,0
40.6021,0.3559,0.1061,0.4128,0.4297,13.767,0.2552,1
6.0755,0.0182,0.0622,0.05,0.1006,2.2004,0.0216,0
6.9523,0.0372,0.1153,0.1211,0.05,4.714,0.0824,0
7.4792,0.083,0.0467,0.2629,0.1478,3.4874,0.0843,0
2.2262,0.0458,0.1005,0.2163,0.1648,4.7735,0.0813,0
8.0117,0.0144,0.1091,0.1872,0.2123,3.0559,0.0626,0
7.2147,0.0,0.1768,0.1859,0.1611,1.6777,0.0,0
28.0,0.5049,0.0943,0.5667,0.4724,16.0658,0.3723,1
12.9882,0.22,0.077,0.1372,0.0889,3.1485,0.201,1
5.5203,0.0403,0.1189,0.1929,0.1969,4.7663,0.058,0
22.0,0.2207,0.051,0.1605,0.1494,7.5751,0.2,1
22.0,0.1447,0.0907,0.1468,0.0575,5.5031,0.2,1
6.0882,0.0242,0.0792,0.05,0.35,8.0061,0.063,0
33.893,0.3877,0.0896,0.7536,0.5965,18.6105,0.2234,1
0.8434,0.1282,0.0043,0.1496,0.2575,2.2262,0.1026,0
4.2529,0.0671,0.0945,0.2136,0.1295,2.1834,0.0367,0
22.0,0.2115,0.1438,0.05,0.2447,2.6739,0.203,1
2.7337,0.0197,0.08,0.38,0.5168,20.8952,0.2999,1
0.0,0.0598,0.0986,0.1515,0.1331,1.8373,0.0525,0
28.0,0.285,0.0602,0.4654,0.4765,19.013,0.3425,1
11.4632,0.0299,0.0835,0.2329,0.0544,3.4702,0.0423,0
4.2684,0.0288,0.1337,0.1824,0.0973,3.642,0.0225,0
4.9156,0.0373,0.0165,0.35,0.2875,0.4101,0.0,0
28.0,0.2809,0.0848,0.6347,0.5051,23.5923,0.2,1
31.7612,0.2403,0.1722,0.665,0.4804,12.826,0.2778,1
10.872,0.0366,0.1574,0.2206,0.162,3.5178,0.0965,0
12.4291,0.0621,0.1257,0.5632,0.3914,13.0775,0.2094,1
4.81,0.0169,0.1085,0.1652,0.1144,7.1616,0.0488,0
0.9878,0.0156,0.0562,0.1732,0.05,3.528,0.0449,0
4.3326,0.0761,0.1458,0.2262,0.1114,1.8524,0.0221,0
28.0,0.3386,0.1028,0.7865,0.5645,12.0,0.4943,1
6.5392,0.2339,0.1245,0.1711,0.1967,5.6262,0.1632,1
8.522,0.049,0.098,0.2937,0.1438,2.7905,0.0,0
10.1679,0.0909,0.0958,0.1456,0.091,1.9123,0.0683,0
31.9877,0.4564,0.0766,0.38,0.38,20.1162,0.2672,1
3.1024,0.0804,0.0426,0.4592,0.5379,16.593,0.312,1
9.7878,0.22,0.1238,0.121,0.1969,0.0,0.0685,1
10.9517,0.1561,0.1591,0.444,0.5992,12.0,0.2511,1
12.2693,0.2428,0.1044,0.1249,0.36,8.4795,0.163,1
3.1938,0.0101,0.036,0.1581,0.1165,1.8001,0.0701,0
7.9187,0.0813,0.1127,0.0948,0.2484,3.3791,0.0577,0
28.0,0.2361,0.0612,0.5793,0.7589,25.3846,0.286,1
16.8302,0.2439,0.0655,0.1292,0.195,2.0816,0.1043,1
4.7544,0.0261,0.1072,0.1376,0.1031,1.416,0.0,0
11.6243,0.391,0.0757,0.1227,0.2965,0.0,0.2928,1
5.9432,0.1186,0.0655,0.4235,0.38,22.6912,0.2364,1
10.6673,0.3975,0.0579,0.1862,0.1507,4.7649,0.0682,1
4.8683,0.0312,0.1405,0.2052,0.05,1.7334,0.0682,0
3.382,0.06,0.1064,0.2187,0.2971,3.3471,0.0094,0
11.918,0.2783,0.0676,0.2124,0.1336,4.0831,0.1733,1
36.5454,0.3514,0.0922,0.5464,0.6038,20.4408,0.4072,1
0.0935,0.0233,0.0857,0.234,0.1947,1.1704,0.0506,0
22.0,0.1566,0.1047,0.2635,0.2386,0.2683,0.2093,1
2.2534,0.0772,0.0784,0.3986,0.4238,12.0,0.2,1
7.1025,0.2704,0.1957,0.1991,0.1409,4.2603,0.1211,1
6.6835,0.0,0.1478,0.0692,0.0793,2.4193,0.0911,0
1.2633,0.0,0.1273,0.1452,0.1742,3.214,0.0021,0
12.0,0.0856,0.0809,0.1769,0.1257,7.1197,0.0251,0
3.363,0.0843,0.0524,0.1991,0.2924,4.1146,0.0586,0
6.5874,0.0625,0.1509,0.2009,0.187,5.8662,0.0391,0
28.0,0.4753,0.0228,0.6067,0.6836,17.7229,0.2846,1
4.3338,0.0147,0.0981,0.35,0.2627,0.9122,0.0791,0
0.0,0.0534,0.1112,0.1782,0.2218,4.774,0.0595,0
0.7503,0.0677,0.119,0.1969,0.0811,5.914,0.0645,0
5.8574,0.0281,0.0589,0.228,0.1699,4.6454,0.1059,0
5.7328,0.0529,0.0584,0.5291,0.38,12.0,0.2,1
7.9365,0.0779,0.0914,0.5708,0.6344,14.2919,0.2,1
6.3307,0.0978,0.0583,0.2519,0.1841,5.0167,0.0056,0
8.3569,0.0745,0.1835,0.38,0.5972,12.0,0.2855,1
7.2037,0.0509,0.1455,0.2317,0.139,0.0,0.0075,0
0.715,0.0257,0.174,0.3274,0.1778,2.6511,0.0104,0
8.7999,0.0985,0.0864,0.5902,0.6029,23.113,0.3141,1
7.1363,0.0,0.059,0.1304,0.2589,3.4797,0.0,0
3.0624,0.0637,0.0861,0.2788,0.1994,2.4018,0.0426,0
2.4468,0.1014,0.0615,0.6393,0.4365,17.2487,0.32,1
32.604,0.2144,0.0692,0.1572,0.2074,3.3282,0.2155,1
2.505,0.1132,0.1477,0.2356,0.1296,0.0,0.0263,0
22.0,0.1604,0.0992,0.2493,0.2317,3.6955,0.2265,1
12.0,0.0705,0.058,0.2505,0.264,2.5699,0.0615,0
31.7992,0.206,0.0997,0.3032,0.1905,1.9462,0.2,1
6.9252,0.0803,0.0833,0.0912,0.1602,8.093,0.0593,0
0.0,0.1199,0.1115,0.2401,0.1065,5.6269,0.0304,0
1.2928,0.0479,0.0835,0.2104,0.2035,3.0221,0.0796,0
6.3674,0.3784,0.1894,0.2968,0.1819,4.6663,0.2498,1
11.3874,0.1144,0.198,0.5192,0.5226,21.1218,0.2638,1
2.1703,0.0672,0.0926,0.1668,0.1733,4.6563,0.105,0
8.0536,0.1053,0.1492,0.1357,0.2475,6.4985,0.1221,0
9.652,0.0797,0.1756,0.2262,0.1962,0.0,0.0186,0
7.3619,0.0668,0.0716,0.2099,0.1404,2.9599,0.1034,0
1.7123,0.0999,0.0762,0.1724,0.2625,0.2965,0.0555,0
5.9429,0.1105,0.1575,0.4946,0.6034,19.5353,0.2616,1
3.2971,0.076,0.1157,0.7327,0.5644,12.0,0.2,1
0.0,0.0266,0.1054,0.1163,0.05,2.2483,0.0274,0
4.2716,0.0,0.1567,0.1614,0.1631,3.2849,0.0231,0
22.0,0.1588,0.1361,0.1716,0.2409,8.5797,0.2157,1
30.0575,0.1675,0.0603,0.1329,0.1882,4.1806,0.2,1
6.447,0.0024,0.1313,0.208,0.1758,0.1065,0.0843,0
10.486,0.3604,0.1435,0.1032,0.1775,6.2327,0.1864,1
7.1276,0.0721,0.0965,0.1532,0.1038,2.8381,0.1026,0
34.6366,0.22,0.1268,0.6736,0.7124,27.4633,0.2601,1
15.7226,0.1316,0.0418,0.38,0.38,22.2019,0.2413,1
2.1466,0.4418,0.0969,0.1701,0.257,1.1486,0.2134,1
9.6042,0.0001,0.1207,0.4383,0.38,13.9713,0.2714,1
9.9327,0.0812,0.1108,0.0961,0.3084,0.0,0.0658,0
12.0,0.0477,0.1261,0.5177,0.6044,12.0,0.2826,1
9.8977,0.0728,0.0655,0.2292,0.235,9.2636,0.0229,0
31.6332,0.1094,0.0587,0.1427,0.2337,1.2608,0.2,1
1.8219,0.009,0.082,0.2044,0.1697,0.0,0.0422,0
22.1552,0.1066,0.1158,0.05,0.2188,9.5277,0.2174,1
0.0909,0.0359,0.0657,0.1259,0.0911,6.5371,0.0504,0
6.8041,0.0872,0.1082,0.3977,0.6988,12.0,0.2,1
6.6455,0.2919,0.0585,0.1427,0.152,4.0952,0.1451,1
32.9649,0.1898,0.0903,0.1632,0.2036,11.0,0.2385,1
1.1388,0.0586,0.0662,0.1917,0.098,2.2497,0.0299,0
13.0378,0.3303,0.0928,0.1427,0.2348,8.5323,0.156,1
0.8114,0.0597,0.1342,0.38,0.4459,19.3059,0.2611,1
6.3713,0.0408,0.087,0.1437,0.1638,3.3315,0.0,0
3.4548,0.2313,0.071,0.2668,0.1424,3.0217,0.2193,1
6.8177,0.0446,0.0539,0.1467,0.2429,8.1355,0.107,0
2.9668,0.0692,0.1032,0.5958,0.38,15.4351,0.2473,1
14.0133,0.324,0.0765,0.1416,0.097,3.8095,0.0693,1
37.7998,0.2196,0.0939,0.2915,0.2471,7.0189,0.2588,1
3.3514,0.0564,0.0614,0.2616,0.1822,6.9824,0.0512,0
10.2619,0.0345,0.1221,0.1894,0.0818,4.0427,0.0351,0
6.9541,0.0752,0.1399,0.1821,0.3189,5.4285,0.0516,0
22.0,0.1,0.0396,0.3313,0.2861,0.1802,0.3319,1
22.8411,0.217,0.1515,0.1924,0.2391,2.6102,0.2069,1
36.0313,0.2998,0.103,0.5323,0.5772,16.5544,0.3798,1
33.542,0.279,0.1257,0.6483,0.5882,16.6202,0.3667,1
26.5984,0.1384,0.1365,0.2423,0.2318,4.4132,0.2537,1
3.2439,0.0777,0.1124,0.2635,0.1567,0.9429,0.0338,0
5.5673,0.2332,0.0702,0.1631,0.1258,4.6582,0.001,1
0.0,0.0406,0.0943,0.1264,0.207,1.117,0.013,0
11.0759,0.045,0.0968,0.2637,0.1584,1.9192,0.0829,0
5.3488,0.0527,0.1029,0.2567,0.1229,0.0,0.0728,0
27.6584,0.2542,0.0612,0.193,0.1333,5.438,0.2183,1
1.163,0.0352,0.1155,0.1375,0.2213,0.0,0.0032,0
6.7755,0.0128,0.1233,0.1913,0.35,2.7071,0.0866,0
3.7278,0.0801,0.0356,0.5848,0.5226,12.8973,0.3214,1
2.9295,0.0703,0.1145,0.2257,0.24,7.3077,0.0649,0
3.1599,0.0263,0.1411,0.2133,0.1711,2.8573,0.0098,0
22.495,0.2092,0.1186,0.1417,0.2469,11.0,0.2,1
2.36,0.0779,0.1719,0.2467,0.2237,5.4023,0.0,0
1.6228,0.0,0.1101,0.1486,0.123,0.7345,0.0109,0
10.3309,0.0641,0.1205,0.134,0.1082,1.2314,0.013,0
22.0,0.113,0.0653,0.16,0.2113,5.8837,0.2,1
33.0877,0.3474,0.1051,0.739,0.5414,20.5994,0.2239,1
11.1877,0.061,0.1359,0.38,0.4025,21.5266,0.2231,1
7.9174,0.1129,0.1084,0.0937,0.1284,4.3515,0.0898,0
4.6539,0.0161,0.0389,0.1726,0.1507,0.0,0.0391,0
6.6174,0.0,0.1542,0.2348,0.1859,4.5062,0.0,0
8.0857,0.0673,0.0361,0.3474,0.2725,4.4514,0.0608,0
10.1143,0.22,0.133,0.1027,0.2616,4.0895,0.1401,1
3.7366,0.0,0.1213,0.1355,0.2131,4.5101,0.0694,0
10.2747,0.2552,0.0662,0.1536,0.2246,4.3148,0.1687,1
11.0652,0.2878,0.1398,0.1826,0.2311,6.4157,0.154,1
2.9641,0.0517,0.0764,0.1814,0.1202,3.3278,0.0309,0
28.0,0.22,0.1304,0.38,0.5226,18.6753,0.4863,1
11.7402,0.3165,0.1268,0.1399,0.1295,4.9408,0.1135,1
6.9026,0.0631,0.1385,0.178,0.3167,2.7652,0.0691,0
8.9999,0.0329,0.1419,0.1788,0.2186,0.0,0.0467,0
6.8087,0.3807,0.1247,0.1364,0.1861,1.4248,0.1977,1
6.8548,0.0659,0.094,0.38,0.5364,14.1161,0.2217,1
7.3175,0.0467,0.1012,0.2004,0.193,5.5381,0.0543,0
28.482,0.2424,0.1417,0.4658,0.6831,12.3077,0.2,1
13.4832,0.1372,0.0,0.38,0.5096,23.2872,0.2337,1
33.2191,0.22,0.088,0.5898,0.4797,15.4198,0.4559,1
38.1227,0.22,0.1269,0.4391,0.5171,22.4024,0.3811,1
1.1374,0.0395,0.0863,0.1451,0.1293,0.0,0.0947,0
22.0,0.1447,0.1622,0.2949,0.1895,3.7835,0.2,1
8.608,0.22,0.1217,0.1734,0.2414,6.4753,0.1268,1
4.9268,0.0,0.144,0.1616,0.05,2.5986,0.0898,0
22.0,0.157,0.1005,0.05,0.1356,2.1754,0.3065,1
3.0881,0.0213,0.1091,0.05,0.2014,3.5197,0.07,0
2.9628,0.0091,0.0793,0.568,0.8716,21.6396,0.3158,1
0.0,0.0374,0.1115,0.1871,0.2609,3.3851,0.0162,0
25.6915,0.1929,0.153,0.1949,0.1863,10.9177,0.2,1
33.0554,0.4224,0.1093,0.616,0.6773,24.3238,0.4295,1
3.6756,0.1015,0.1541,0.3827,0.6783,12.0,0.2,1
5.9401,0.0767,0.022,0.05,0.1162,1.7307,0.0587,0
22.3313,0.2337,0.1519,0.25,0.2889,4.6599,0.327,1
6.3384,0.029,0.0451,0.1407,0.1204,0.0,0.0,0
28.0,0.3671,0.0399,0.5088,0.4603,12.0,0.2,1
5.4576,0.0721,0.1259,0.2358,0.2146,5.9163,0.0326,0
8.8297,0.0787,0.0747,0.1868,0.2108,3.703,0.1316,0
7.2652,0.0133,0.0,0.1947,0.1112,6.458,0.0283,0
4.4688,0.0376,0.0868,0.2312,0.1072,3.2655,0.0671,0
10.8131,0.3431,0.1684,0.2504,0.1724,0.1489,0.1826,1
2.0985,0.126,0.1135,0.2155,0.1645,0.916,0.0668,0
22.0,0.2449,0.0779,0.2126,0.1572,4.7714,0.3012,1
25.3578,0.2402,0.0543,0.2554,0.2309,0.0,0.3719,1
9.7468,0.0387,0.1129,0.1401,0.1609,0.0,0.0353,0
4.7497,0.0319,0.0789,0.5576,0.4124,12.0,0.362,1
7.8717,0.0,0.1277,0.131,0.2508,3.9898,0.1001,0
33.4737,0.1005,0.1314,0.1361,0.2441,4.2924,0.2953,1
26.0203,0.2113,0.1135,0.1834,0.238,5.8739,0.215,1
2.6582,0.0125,0.0051,0.0668,0.2125,2.3103,0.0884,0
2.4437,0.0411,0.0833,0.0968,0.2004,6.8568,0.0479,0
6.9704,0.0377,0.102,0.1569,0.0841,4.7868,0.009,0
5.3249,0.1079,0.1349,0.4215,0.5596,17.8352,0.3679,1
0.9046,0.0281,0.0186,0.197,0.1159,7.6727,0.0556,0
6.3989,0.063,0.0225,0.2145,0.0554,0.53,0.0695,0
7.3763,0.0627,0.1006,0.4697,0.38,15.6966,0.2,1
7.4438,0.0066,0.0453,0.1461,0.2295,0.0,0.0979,0
10.4268,0.07,0.1495,0.1441,0.245,0.5743,0.091,0
26.3923,0.1975,0.2,0.2205,0.2865,4.5144,0.2476,1
12.0,0.1024,0.0327,0.1374,0.168,10.0,0.0176,0
6.8951,0.0058,0.09,0.2229,0.1448,0.0,0.0446,0
9.3012,0.3376,0.0685,0.139,0.1449,4.4851,0.1069,1
30.3446,0.1217,0.1623,0.108,0.2172,4.8347,0.3504,1
24.2634,0.1583,0.1454,0.1572,0.2283,8.1162,0.3717,1
6.6969,0.3301,0.0916,0.1769,0.2495,5.1613,0.2581,1
0.2691,0.1104,0.1132,0.1423,0.1264,0.3597,0.0557,0
4.1789,0.0209,0.1232,0.2717,0.1297,3.6368,0.03,0
24.4277,0.2137,0.0935,0.05,0.2312,7.351,0.2362,1
6.0005,0.0286,0.1128,0.2754,0.2566,4.4216,0.0629,0
3.9228,0.0828,0.0434,0.1431,0.05,2.6338,0.0587,0
12.1586,0.22,0.1761,0.2671,0.1934,4.8968,0.1992,1
1.8349,0.0303,0.0579,0.181,0.1238,3.2073,0.0439,0
7.8811,0.0541,0.0864,0.2136,0.2068,0.7287,0.047,0
7.499,0.0975,0.1532,0.2266,0.1276,5.2557,0.0474,0
4.2138,0.0,0.0714,0.1452,0.3285,6.4503,0.0067,0
15.7444,0.2917,0.1295,0.139,0.2394,3.7596,0.09,1
11.584,0.0092,0.1611,0.1368,0.2397,2.803,0.0162,0
3.2923,0.0,0.107,0.2775,0.2077,2.0719,0.088,0
7.1294,0.0361,0.1669,0.6337,0.591,12.0,0.2,1
5.1603,0.0,0.1444,0.5297,0.6643,15.9946,0.4758,1
8.5705,0.0734,0.1464,0.4699,0.4775,18.6243,0.2911,1
3.7236,0.2386,0.1043,0.2251,0.1173,3.8535,0.1407,1
0.6437,0.0755,0.1433,0.1832,0.1931,5.0469,0.0674,0
29.1168,0.3137,0.1263,0.4803,0.4114,15.9493,0.2018,1
6.2126,0.063,0.0852,0.2239,0.1181,2.0388,0.0593,0
8.3485,0.0083,0.1389,0.3269,0.1773,0.0883,0.0593,0
13.5552,0.0728,0.0968,0.4958,0.5104,12.0,0.3823,1
1.5757,0.0816,0.0669,0.2154,0.1181,0.0,0.0963,0
3.9414,0.115,0.1201,0.2811,0.0584,0.0,0.1149,0
25.7289,0.2096,0.1554,0.109,0.2496,5.4657,0.2,1
47.6668,0.3613,0.0871,0.5362,0.5566,13.1041,0.3771,1
0.0134,0.0116,0.1462,0.3253,0.1607,4.1281,0.0852,0
28.0,0.2205,0.0825,0.5342,0.6117,15.8982,0.2426,1
0.8304,0.0097,0.1531,0.1972,0.1865,4.8995,0.1059,0
0.0,0.0,0.0684,0.188,0.3092,3.6425,0.0689,0
5.1006,0.0281,0.1668,0.2174,0.2096,4.5633,0.0053,0
28.0,0.281,0.1828,0.4982,0.38,14.1653,0.2,1
29.3686,0.3066,0.1101,0.6416,0.6445,20.9835,0.4896,1
0.4344,0.0749,0.1278,0.3024,0.2349,4.0289,0.1074,0
28.0,0.2376,0.0786,0.5582,0.4469,18.1661,0.2439,1
1.6771,0.0,0.0723,0.1228,0.05,3.2874,0.0317,0
2.5496,0.0483,0.0355,0.1736,0.1298,0.8281,0.0919,0
33.9399,0.3136,0.0589,0.4794,0.7255,12.7825,0.2,1
13.6371,0.3073,0.1402,0.1166,0.2241,3.9315,0.2786,1
8.8457,0.0559,0.118,0.05,0.2648,2.5549,0.0119,0
6.299,0.0369,0.0555,0.2585,0.2074,0.0,0.0249,0
4.0701,0.2594,0.114,0.1128,0.0608,0.0146,0.1782,1
7.6367,0.0873,0.0537,0.1714,0.1163,0.0927,0.0287,0
9.4718,0.0607,0.1213,0.1283,0.1233,4.0699,0.0832,0
7.0591,0.0199,0.0915,0.1345,0.2289,1.4055,0.0657,0
7.0759,0.0576,0.1349,0.0507,0.2164,3.2692,0.0408,0
6.9148,0.0,0.1704,0.2799,0.1752,7.0981,0.0588,0
7.4513,0.0459,0.1147,0.5377,0.4654,12.4125,0.3468,1
0.0767,0.0869,0.041,0.2097,0.1674,4.6913,0.0961,0
28.0,0.3191,0.0991,0.6049,0.38,17.3053,0.3606,1
10.6994,0.0842,0.0969,0.1869,0.1102,0.0,0.0836,0
7.2592,0.0825,0.1234,0.1656,0.1198,1.4323,0.0925,0
9.9055,0.3746,0.0538,0.1606,0.138,1.8841,0.1688,1
5.1184,0.0698,0.1116,0.38,0.8686,12.0,0.219,1
0.0237,0.0334,0.0954,0.1677,0.1537,4.8353,0.0548,0
6.8347,0.0809,0.0452,0.5662,0.4347,17.0341,0.2,1
5.4484,0.0929,0.0841,0.2861,0.1054,2.8108,0.0135,0
0.0,0.0,0.0441,0.1145,0.2566,1.8381,0.056,0
2.4417,0.0701,0.0409,0.1752,0.1481,0.0,0.1056,0
9.3951,0.0714,0.1262,0.1269,0.1537,1.3971,0.0,0
7.7181,0.0524,0.1493,0.503,0.38,18.5743,0.3432,1
2.9813,0.0832,0.1174,0.1854,0.1902,2.0565,0.0583,0
5.7378,0.0911,0.1416,0.38,0.38,12.0,0.2,1
6.8005,0.0557,0.1819,0.1224,0.1927,4.9579,0.1042,0
28.4198,0.3901,0.0738,0.5724,0.6931,12.3244,0.4828,1
11.5734,0.0367,0.1055,0.5207,0.5555,14.9842,0.3595,1
32.2678,0.2458,0.0821,0.5097,0.4087,20.6619,0.3269,1
4.5456,0.0501,0.1208,0.095,0.1015,2.0564,0.087,0
32.7272,0.1438,0.1228,0.1944,0.1335,5.001,0.2,1
22.7801,0.1917,0.1532,0.192,0.2344,4.5924,0.3348,1
0.0,0.0006,0.1085,0.1203,0.1439,6.214,0.0,0
7.9122,0.2764,0.1728,0.1151,0.17,3.2375,0.1647,1
13.3362,0.3002,0.0929,0.2695,0.1799,7.6428,0.1676,1
26.6876,0.1995,0.0282,0.2293,0.1944,7.7578,0.228,1
35.3818,0.3209,0.074,0.5588,0.4803,15.4939,0.2097,1
9.0872,0.0237,0.1139,0.2039,0.2078,1.9408,0.0722,0
7.4019,0.0796,0.1548,0.1818,0.1739,3.4131,0.0876,0
5.2752,0.0257,0.1238,0.2087,0.35,1.9093,0.0769,0
39.0504,0.22,0.1965,0.5838,0.38,19.2289,0.2,1
3.3568,0.0535,0.1433,0.226,0.2598,0.9992,0.0622,0
4.5767,0.1005,0.0816,0.2957,0.05,3.7676,0.0102,0
7.3868,0.0,0.0978,0.2724,0.3427,1.5526,0.0386,0
7.4012,0.0386,0.1554,0.1967,0.2851,3.3549,0.0255,0
13.4583,0.2848,0.0738,0.2086,0.0812,8.5457,0.1333,1
6.4142,0.0119,0.1145,0.1622,0.2544,1.1719,0.0363,0
14.505,0.2595,0.0975,0.1136,0.2064,5.4406,0.263,1
0.0,0.0468,0.096,0.1642,0.1788,1.8935,0.06,0
1.8171,0.0,0.0755,0.3008,0.1903,1.7384,0.0,0
9.6454,0.1426,0.1083,0.6264,0.6117,25.2692,0.2373,1
29.3523,0.4053,0.0972,0.5298,0.5244,22.0324,0.2,1
1.6108,0.0745,0.0975,0.1682,0.05,3.3677,0.1347,0
36.2154,0.3112,0.1117,0.5391,0.5538,12.0,0.3218,1
6.709,0.0734,0.1693,0.6016,0.5003,16.6508,0.2307,1
22.0,0.1,0.1608,0.0715,0.2495,5.8103,0.2,1
6.0554,0.1777,0.1101,0.1583,0.1078,0.3,0.0864,0
2.3512,0.08,0.1339,0.1528,0.2966,1.086,0.0918,0
24.0013,0.1297,0.0771,0.1965,0.2551,4.0138,0.3153,1
9.858,0.0452,0.1015,0.5744,0.5459,14.9993,0.2442,1
42.5539,0.22,0.0857,0.5624,0.4518,20.3954,0.3967,1
28.0,0.2661,0.1466,0.6166,0.38,17.843,0.3081,1
26.9974,0.1691,0.0891,0.1298,0.2942,1.8601,0.347,1
45.4991,0.22,0.1352,0.5447,0.5134,13.5828,0.4286,1
3.8006,0.0372,0.0543,0.151,0.2058,3.6563,0.0089,0
7.8551,0.0318,0.0108,0.1243,0.0804,3.4419,0.0911,0
7.5046,0.3322,0.1486,0.1793,0.1777,4.2411,0.0966,1
3.3282,0.062,0.1242,0.1306,0.0976,5.1153,0.0375,0
9.15,0.0272,0.0648,0.1694,0.1723,0.5584,0.0979,0
7.0673,0.0856,0.1057,0.0869,0.1357,1.5269,0.0602,0
22.0,0.2386,0.1745,0.1563,0.0821,0.6993,0.2096,1
4.9044,0.0165,0.079,0.134,0.301,3.695,0.0094,0
16.9624,0.0882,0.1544,0.5059,0.5045,16.1621,0.2961,1
7.2799,0.0839,0.1609,0.205,0.0887,3.8331,0.0713,0
11.5129,0.3614,0.0467,0.2798,0.1312,2.3321,0.1344,1
7.6597,0.3194,0.1289,0.2512,0.172,6.2908,0.0042,1
8.284,0.0921,0.0445,0.1654,0.1136,6.6346,0.0874,0
0.0,0.0778,0.0861,0.38,0.6019,24.9851,0.2088,1
3.1183,0.087,0.1208,0.38,0.38,18.4626,0.304,1
4.733,0.0861,0.1832,0.5466,0.38,13.1651,0.2,1
38.7926,0.433,0.1107,0.4668,0.7153,12.0,0.4061,1
28.0,0.22,0.1139,0.4095,0.4699,17.9445,0.2909,1
5.0358,0.0578,0.1288,0.1814,0.1043,4.1104,0.0913,0
10.3831,0.0,0.1681,0.1591,0.0744,3.0745,0.0292,0
22.0,0.3161,0.1548,0.1227,0.1571,3.9001,0.3137,1
5.8358,0.0419,0.1032,0.05,0.05,0.0,0.0,0
9.128,0.0465,0.1789,0.1055,0.1168,0.0,0.0568,0
12.0,0.0,0.0511,0.1052,0.072,4.944,0.0608,0
6.6864,0.3607,0.0713,0.05,0.218,5.5161,0.1472,1
3.5808,0.3357,0.1526,0.2915,0.05,8.6548,0.1309,1
8.2416,0.023,0.1472,0.1503,0.2659,2.9174,0.0393,0
14.6272,0.2875,0.0864,0.1424,0.2878,7.24,0.1715,1
14.0193,0.2903,0.1221,0.0829,0.1625,0.0713,0.1232,1
28.0,0.2479,0.1009,0.3805,0.6582,15.4617,0.2026,1
28.0,0.3218,0.1345,0.7066,0.6979,17.2078,0.2,1
11.3038,0.0652,0.1256,0.5172,0.6246,12.9006,0.2605,1
4.8048,0.0749,0.0645,0.2397,0.35,6.6543,0.0487,0
22.0,0.1755,0.1091,0.05,0.2454,6.6823,0.311,1
1.7176,0.0403,0.0729,0.171,0.2907,2.2508,0.0,0
0.0,0.0857,0.1058,0.162,0.1324,1.5525,0.0002,0
4.3507,0.0721,0.0753,0.5075,0.6847,18.3016,0.2,1
0.0,0.122,0.0921,0.1078,0.1562,0.1451,0.0024,0
4.2674,0.0136,0.1258,0.1114,0.3181,2.1674,0.073,0
9.2228,0.0583,0.1172,0.05,0.1771,4.6909,0.1145,0
5.6417,0.0416,0.0614,0.2103,0.1845,3.8177,0.0989,0
22.0,0.1205,0.1468,0.2107,0.1049,4.6311,0.275,1
44.085,0.3886,0.1562,0.6303,0.487,12.0,0.3767,1
28.0,0.3248,0.122,0.5553,0.4443,13.5688,0.4231,1
6.1961,0.0176,0.0674,0.126,0.1783,5.9267,0.0182,0
5.2037,0.0706,0.0851,0.1888,0.1591,4.1122,0.0,0
2.8105,0.0,0.0705,0.1119,0.2477,0.0,0.0,0
5.2505,0.0631,0.1427,0.0525,0.1649,0.3739,0.0851,0
7.6299,0.0004,0.0113,0.2079,0.2038,5.4446,0.0338,0
28.0,0.2967,0.1207,0.6408,0.5035,18.6591,0.5412,1
0.0,0.1283,0.1441,0.17,0.1473,0.0,0.1311,0
12.0,0.0989,0.0235,0.2074,0.1344,4.5743,0.1127,0
6.7983,0.126,0.1332,0.1461,0.189,2.8805,0.0,0
10.1798,0.0802,0.0915,0.2278,0.1165,2.9393,0.0482,0
22.0,0.2367,0.1117,0.1459,0.1771,1.8133,0.2,1
28.0,0.3228,0.0783,0.38,0.6396,15.1255,0.3144,1
5.9505,0.0534,0.1103,0.0753,0.2423,5.0123,0.0572,0
10.1355,0.3699,0.0947,0.1978,0.1311,2.6789,0.1615,1
1.5613,0.0688,0.194,0.2679,0.05,0.1972,0.0,0
8.2927,0.0626,0.1144,0.0754,0.2281,3.8179,0.1666,0
14.1626,0.2238,0.1637,0.0791,0.0999,4.1809,0.1826,1
5.562,0.0618,0.1376,0.2051,0.138,1.2333,0.032,0
15.7604,0.251,0.05,0.124,0.0941,3.1212,0.1875,1
3.1861,0.0525,0.0553,0.2349,0.1894,6.4108,0.0621,0
10.0947,0.0621,0.0506,0.4285,0.38,22.2653,0.2,1
8.5918,0.2656,0.1722,0.2933,0.1224,1.7777,0.2323,1
10.1298,0.0988,0.148,0.1459,0.1975,5.4635,0.0575,0
2.8803,0.0617,0.1118,0.1228,0.2201,4.4164,0.0431,0
23.3841,0.1862,0.0804,0.2055,0.1991,5.9828,0.2,1
13.4258,0.2539,0.1483,0.1661,0.2522,2.778,0.156,1
28.0,0.2723,0.1381,0.4722,0.5335,20.1959,0.247,1
14.7177,0.22,0.0686,0.1578,0.1437,5.4122,0.2589,1
2.7158,0.0,0.1035,0.145,0.2615,1.5137,0.0742,0
28.0,0.3115,0.1237,0.6697,0.38,13.46,0.328,1
8.6546,0.0481,0.0644,0.2979,0.1668,6.1072,0.0679,0
8.2071,0.098,0.0947,0.1879,0.1186,0.3287,0.034,0
11.5302,0.0567,0.0505,0.1579,0.1689,6.7999,0.0625,0
14.8492,0.1261,0.0603,0.4737,0.5788,21.2392,0.2734,1
7.0437,0.0408,0.0122,0.2746,0.0767,7.0753,0.0444,0
35.5621,0.2879,0.1362,0.535,0.5329,13.6634,0.3708,1
22.0,0.2181,0.0794,0.226,0.1083,4.1299,0.2,1
1.1711,0.0,0.1044,0.7636,0.5495,12.0,0.317,1
28.0,0.4167,0.0084,0.7378,0.569,22.6737,0.2661,1
5.7477,0.1084,0.0753,0.4942,0.38,20.3911,0.3904,1
0.9899,0.2288,0.1641,0.1374,0.2723,5.4803,0.2034,1
4.5309,0.0,0.1518,0.228,0.0934,1.3524,0.0301,0
28.0,0.2536,0.0407,0.7553,0.6752,16.6739,0.3562,1
3.0622,0.0922,0.1008,0.1764,0.1311,3.2283,0.0918,0
10.6188,0.1257,0.0948,0.5601,0.5259,23.9472,0.2,1
5.3212,0.0206,0.1094,0.1404,0.0864,1.5952,0.0074,0
28.0,0.3903,0.0654,0.5591,0.5092,15.3214,0.3722,1
4.9106,0.0,0.1585,0.1853,0.1611,2.1189,0.0411,0
0.2405,0.0,0.153,0.0728,0.0985,8.1302,0.0755,0
23.0879,0.1,0.0477,0.1787,0.2153,5.6914,0.2709,1
4.15,0.0868,0.0655,0.38,0.4707,16.2762,0.4189,1
37.3062,0.2557,0.136,0.4987,0.5185,22.2469,0.2,1
2.061,0.0886,0.1866,0.2496,0.324,0.0,0.0499,0
2.5783,0.0406,0.1171,0.3038,0.2429,8.524,0.0254,0
22.0,0.1774,0.0769,0.224,0.05,5.8115,0.2,1
31.246,0.22,0.0954,0.7836,0.38,12.0,0.3254,1
8.8616,0.0606,0.0937,0.2153,0.2123,3.5997,0.0474,0
12.5276,0.22,0.022,0.1684,0.1272,1.1712,0.1617,1
4.1589,0.0,0.1994,0.1542,0.1439,4.3935,0.0,0
28.0,0.2758,0.0871,0.5516,0.38,14.8457,0.5401,1
7.9347,0.0129,0.0917,0.1898,0.1115,2.3104,0.043,0
5.4106,0.0,0.1425,0.0683,0.2485,1.6118,0.0875,0
12.0,0.011,0.118,0.1773,0.1338,0.806,0.0855,0
9.6685,0.2424,0.1768,0.1291,0.2061,2.6565,0.2512,1
1.9043,0.2779,0.1369,0.1897,0.1642,3.3955,0.1858,1
40.3935,0.3654,0.0984,0.6162,0.5745,12.0,0.4219,1
22.0,0.1,0.0454,0.3084,0.05,5.7231,0.2,1
11.4635,0.0197,0.1215,0.1816,0.123,0.0,0.0062,0
22.0,0.1743,0.07,0.245,0.2104,3.7865,0.2,1
5.6531,0.0636,0.1219,0.05,0.35,3.2323,0.0284,0
8.3459,0.2469,0.1342,0.1751,0.2177,7.8874,0.0571,1
32.4259,0.1209,0.0743,0.2162,0.1709,0.3998,0.2316,1
7.9974,0.031,0.1285,0.197,0.1047,1.5075,0.0,0
22.0,0.2194,0.0734,0.2286,0.1536,2.8535,0.2,1
14.9044,0.3978,0.129,0.1903,0.2398,6.301,0.1183,1
0.052,0.0828,0.1197,0.1577,0.134,1.8621,0.066,0
5.7121,0.0845,0.0974,0.1697,0.1567,7.7232,0.061,0
5.9766,0.0609,0.0963,0.2251,0.09,3.7379,0.0616,0
10.1131,0.0414,0.1294,0.6489,0.5899,15.2572,0.2,1
2.8992,0.0485,0.1054,0.2642,0.1672,0.4528,0.0659,0
4.2266,0.051,0.1769,0.1302,0.1784,4.4279,0.0108,0
13.6842,0.22,0.1443,0.1326,0.1318,3.1996,0.3224,1
7.6014,0.2401,0.1186,0.1298,0.1858,3.4738,0.1511,1
27.5708,0.2578,0.1363,0.2316,0.2469,5.9201,0.2538,1
10.8675,0.0994,0.1525,0.1646,0.0875,4.6867,0.0276,0
2.6131,0.1077,0.13,0.3258,0.2552,1.6118,0.0,0
47.6899,0.3005,0.047,0.38,0.6638,12.8697,0.2732,1
28.0,0.3295,0.0758,0.5216,0.5707,15.8365,0.4862,1
5.8688,0.0012,0.0483,0.3427,0.1872,3.5878,0.0,0
15.6998,0.1901,0.1582,0.7133,0.8198,20.684,0.2,1
34.8084,0.22,0.1064,0.6644,0.4557,12.0,0.4191,1
4.2133,0.0284,0.0776,0.1404,0.2794,4.6727,0.0414,0
53.5055,0.3072,0.1291,0.5496,0.4966,12.0,0.3575,1
0.0737,0.0166,0.0974,0.2185,0.2455,1.8231,0.075,0
8.5765,0.0478,0.0141,0.6431,0.6324,12.0,0.2573,1
3.0024,0.0605,0.0939,0.2426,0.2985,5.3893,0.0737,0
1.7104,0.0488,0.0678,0.0866,0.1477,5.0139,0.0279,0
6.7774,0.1018,0.0113,0.1031,0.1626,5.0648,0.0504,0
10.8041,0.2694,0.1245,0.052,0.2121,5.8,0.1194,1
26.2419,0.2267,0.0819,0.1918,0.2119,5.3704,0.2429,1
6.2341,0.0,0.1124,0.4948,0.5782,12.0,0.2156,1
43.5236,0.2419,0.0951,0.4643,0.6316,12.0,0.3567,1
44.8373,0.3555,0.0889,0.4443,0.6196,25.7624,0.278,1
24.2773,0.1998,0.087,0.1317,0.174,9.2204,0.2535,1
28.8574,0.233,0.1059,0.7043,0.6216,23.568,0.3488,1
2.3051,0.004,0.1878,0.1942,0.1811,2.3189,0.0753,0
6.2496,0.0585,0.0517,0.1695,0.0966,3.1847,0.1281,0
7.9062,0.0319,0.1496,0.1859,0.1184,4.1009,0.0,0
4.4664,0.024,0.0395,0.1321,0.2758,5.3898,0.0475,0
3.7227,0.0422,0.1502,0.2251,0.1006,0.2806,0.0505,0
15.5265,0.1067,0.0726,0.38,0.4923,16.0503,0.2798,1
12.0,0.0454,0.114,0.2271,0.1571,0.0,0.0484,0
10.0462,0.1257,0.0722,0.3939,0.5732,30.4532,0.3053,1
9.7902,0.0132,0.1426,0.1449,0.2157,4.5018,0.0509,0
2.7186,0.0924,0.1838,0.2301,0.132,2.1835,0.0828,0
3.0739,0.0153,0.0592,0.1755,0.19,5.3573,0.0058,0
23.6995,0.1877,0.0853,0.3199,0.2525,7.8211,0.4076,1
9.3714,0.0532,0.1383,0.38,0.4372,12.0,0.2203,1
0.0,0.0601,0.0547,0.1197,0.2178,4.6071,0.0703,0
1.2819,0.0243,0.0308,0.207,0.3108,5.4133,0.0598,0
22.0,0.2205,0.0623,0.1158,0.2401,4.6266,0.2,1
22.3301,0.2344,0.1131,0.2892,0.2192,4.448,0.2,1
11.1437,0.0799,0.0969,0.2014,0.1225,5.9278,0.0612,0
28.0,0.2705,0.0381,0.5148,0.5907,16.3676,0.275,1
6.6834,0.2639,0.1296,0.2246,0.1726,5.837,0.0965,1
30.3491,0.2687,0.0999,0.7011,0.6137,15.748,0.4063,1
3.4485,0.0714,0.0731,0.1343,0.09,3.1114,0.0,0
3.2934,0.031,0.1256,0.2297,0.1724,3.1976,0.0,0
12.9024,0.2823,0.069,0.2382,0.089,5.7922,0.1027,1
0.0357,0.0451,0.1168,0.1242,0.266,1.3042,0.0403,0
28.5592,0.2604,0.1422,0.3847,0.7111,19.9773,0.4194,1
5.0645,0.0886,0.0881,0.0975,0.1707,5.3688,0.035,0
8.0018,0.0023,0.1171,0.2172,0.0852,3.9006,0.0097,0
8.3903,0.0,0.1304,0.1937,0.1865,4.5199,0.0361,0
14.7403,0.0221,0.1237,0.4161,0.5057,18.8086,0.3603,1
13.0227,0.0903,0.1248,0.4837,0.6242,19.5217,0.3313,1
7.6563,0.0221,0.0383,0.35,0.1461,5.8023,0.1208,0
10.4847,0.2655,0.1195,0.1315,0.127,4.3342,0.2094,1
0.3407,0.0359,0.1081,0.2214,0.106,3.5631,0.0626,0
22.0,0.1165,0.0275,0.1998,0.1083,4.8537,0.3682,1
0.8144,0.0,0.1043,0.2037,0.1505,4.3342,0.099,0
17.5432,0.3997,0.0828,0.1895,0.1245,5.3926,0.1512,1
6.4684,0.0161,0.1303,0.2236,0.1937,2.8719,0.0961,0
0.6211,0.0508,0.1133,0.1564,0.2589,8.1934,0.0746,0
6.0639,0.0943,0.1435,0.7147,0.5317,16.4244,0.237,1
2.4854,0.0888,0.1272,0.1407,0.0981,1.3734,0.0744,0
22.0,0.2585,0.0666,0.1242,0.1753,4.7342,0.2,1
5.5073,0.0733,0.1299,0.4773,0.4259,24.037,0.2958,1
7.8339,0.0532,0.0928,0.5948,0.6986,15.432,0.35,1
10.6555,0.2947,0.082,0.1927,0.1764,2.0812,0.2216,1
0.7034,0.0877,0.1135,0.1094,0.1372,0.1609,0.0,0
22.0,0.1089,0.0406,0.2094,0.1555,4.0681,0.2502,1
22.3961,0.1629,0.0291,0.0822,0.317,4.4895,0.3952,1
47.0233,0.22,0.0462,0.7863,0.422,12.0,0.3464,1
28.0,0.3558,0.1462,0.5505,0.6393,18.7591,0.3097,1
5.5965,0.0436,0.0873,0.1386,0.2647,4.4803,0.0049,0
3.0253,0.1174,0.1101,0.4274,0.38,15.4261,0.2656,1
6.7642,0.0238,0.0776,0.2479,0.1367,0.0,0.0592,0
10.5211,0.0133,0.0662,0.2413,0.2614,3.6519,0.0818,0
9.7745,0.1032,0.1228,0.2229,0.0765,0.0488,0.0623,0
9.2458,0.0304,0.0191,0.2016,0.2806,6.5846,0.0196,0
25.0662,0.2483,0.086,0.0984,0.1823,9.5126,0.3421,1
0.0,0.0287,0.1068,0.1588,0.0614,0.0,0.1039,0
3.4384,0.0622,0.1142,0.1681,0.2744,4.1954,0.1106,0
28.0,0.2818,0.0465,0.5918,0.8156,24.0268,0.4878,1
4.833,0.0193,0.0551,0.1826,0.133,0.0,0.0598,0
22.0,0.1,0.1203,0.1656,0.1523,6.436,0.2186,1
10.1523,0.2375,0.1144,0.1711,0.1462,0.0,0.1966,1
10.3496,0.0539,0.086,0.2252,0.1786,0.0,0.0842,0
2.249,0.0305,0.0688,0.1703,0.2675,0.0,0.0549,0
5.689,0.0,0.0917,0.2336,0.2372,2.2227,0.0497,0
8.7586,0.0481,0.1128,0.478,0.6076,20.5601,0.2917,1
2.3619,0.0719,0.0834,0.1825,0.2107,2.8969,0.0637,0
0.0,0.0295,0.1286,0.0541,0.2405,1.3421,0.1529,0
8.4394,0.0118,0.0936,0.2642,0.2032,0.5324,0.0301,0
22.3239,0.1698,0.0969,0.083,0.2412,4.134,0.2,1
28.0,0.3597,0.129,0.4582,0.5774,15.5155,0.3863,1
13.6031,0.3695,0.0486,0.097,0.1247,7.2787,0.1428,1
1.4576,0.0358,0.1169,0.0692,0.1268,0.0,0.0473,0
34.063,0.2585,0.1109,0.5153,0.5346,22.1265,0.4008,1
7.6631,0.3578,0.131,0.1633,0.1537,1.8832,0.1311,1
6.36,0.0738,0.1203,0.0662,0.05,0.0,0.0101,0
7.3727,0.0,0.1063,0.05,0.2452,0.0,0.144,0
9.0031,0.032,0.0574,0.2835,0.0545,6.3356,0.0365,0
7.1844,0.0461,0.0563,0.2446,0.2774,3.4778,0.059,0
30.4157,0.1352,0.121,0.1273,0.2257,11.0,0.2,1
8.7334,0.0,0.068,0.1872,0.0929,6.9354,0.0355,0
22.0,0.2316,0.0952,0.1536,0.1051,7.0633,0.2228,1
5.622,0.0,0.094,0.1351,0.2641,2.2083,0.0317,0
7.2979,0.0956,0.1125,0.1238,0.0705,0.9012,0.0976,0
26.6905,0.2775,0.0508,0.0871,0.2176,2.1354,0.2217,1
10.6461,0.3249,0.0882,0.1281,0.2532,8.7804,0.1568,1
36.4265,0.3882,0.0899,0.4724,0.4803,19.7743,0.44,1
4.3502,0.0201,0.0867,0.3003,0.2306,0.1785,0.0515,0
3.1415,0.0343,0.0427,0.1824,0.1104,6.2103,0.0774,0
12.2374,0.2774,0.0208,0.2123,0.1514,2.4829,0.1759,1
28.6723,0.22,0.144,0.8194,0.38,17.2542,0.4977,1
4.8652,0.0377,0.112,0.1662,0.0734,2.9771,0.055,0
12.7614,0.0862,0.1476,0.4314,0.4305,17.4529,0.2,1
10.9483,0.0828,0.055,0.7275,0.419,17.5509,0.3221,1
7.4902,0.22,0.0883,0.1408,0.2319,4.9188,0.1053,1
4.8358,0.0515,0.1229,0.1798,0.2644,1.1989,0.0324,0
7.1409,0.0169,0.0686,0.1124,0.2398,0.1146,0.0366,0
6.5534,0.1145,0.1475,0.1334,0.1098,0.0,0.1607,0
3.2951,0.0585,0.0451,0.0908,0.1619,4.4262,0.0896,0
1.5844,0.0,0.1501,0.1473,0.1615,0.0,0.007,0
7.6549,0.3743,0.0874,0.2168,0.2016,0.2073,0.2466,1
36.6299,0.3619,0.0604,0.6485,0.6993,12.0,0.3306,1
4.1294,0.0345,0.0412,0.5076,0.38,16.8352,0.3898,1
31.6349,0.1782,0.1324,0.3057,0.1491,9.0064,0.2333,1
33.4125,0.22,0.079,0.7346,0.6549,12.0418,0.4662,1
10.344,0.0568,0.0915,0.5501,0.57,22.2308,0.2656,1
2.363,0.0653,0.1234,0.1554,0.2383,2.3414,0.0732,0
4.6107,0.0487,0.1116,0.2239,0.2412,5.5391,0.0329,0
6.4286,0.1357,0.1321,0.5633,0.4681,14.0113,0.2,1
36.6961,0.1933,0.1175,0.1984,0.1996,9.2595,0.2931,1
3.0314,0.0305,0.0801,0.35,0.1823,5.6445,0.0614,0
28.0,0.2644,0.1119,0.6207,0.38,17.1858,0.5077,1
23.9286,0.2258,0.0194,0.1721,0.2729,7.0627,0.2,1
28.0,0.3352,0.1368,0.4581,0.4012,12.0,0.2,1
6.5051,0.025,0.091,0.1293,0.05,4.3922,0.057,0
11.947,0.0379,0.1008,0.4081,0.4973,19.6437,0.2,1
22.0,0.2002,0.0877,0.2765,0.1913,2.5014,0.248,1
0.0,0.1182,0.1415,0.0628,0.2295,0.0,0.0,0
9.3752,0.2466,0.0652,0.2304,0.2121,5.3391,0.1285,1
23.399,0.2129,0.0526,0.16,0.1413,4.5795,0.2525,1
22.529,0.2763,0.2,0.2073,0.2855,6.5162,0.2,1
8.4052,0.294,0.0791,0.2483,0.2127,4.9772,0.1289,1
12.7522,0.016,0.09,0.5197,0.5228,15.777,0.3583,1
10.6604,0.0255,0.2,0.4001,0.3837,17.772,0.2282,1
24.5721,0.1296,0.1139,0.1005,0.2212,5.0242,0.2,1
6.0152,0.3839,0.0906,0.1999,0.2019,2.7082,0.0059,1
0.0,0.0121,0.0265,0.0765,0.0862,7.16,0.0459,0
7.4815,0.0005,0.1308,0.1276,0.156,0.2381,0.0406,0
28.0,0.3184,0.0685,0.5905,0.7143,26.6276,0.4453,1
29.6978,0.206,0.1161,0.2778,0.2165,5.9731,0.3419,1
4.5991,0.0724,0.1909,0.227,0.2416,0.0,0.0287,0
5.6365,0.028,0.1029,0.2469,0.2916,0.0,0.096,0
4.8404,0.0186,0.0888,0.2024,0.1543,1.0336,0.0421,0
0.0,0.0117,0.0944,0.3467,0.1625,2.0039,0.0717,0
0.0,0.0699,0.1538,0.05,0.05,6.3648,0.0168,0
2.9372,0.0436,0.1511,0.172,0.2154,0.6873,0.0,0
7.7364,0.0671,0.1188,0.2931,0.1646,1.6186,0.0,0
12.0,0.024,0.1103,0.179,0.2714,3.7096,0.0,0
3.97,0.22,0.1456,0.2011,0.1281,2.991,0.1517,1
12.0,0.0,0.1318,0.0795,0.1719,5.1491,0.07,0
5.8426,0.0687,0.146,0.1298,0.1056,0.6538,0.0866,0
7.2669,0.0173,0.0835,0.0691,0.1141,4.8835,0.0699,0
5.8247,0.0746,0.0667,0.1829,0.1374,2.7933,0.0,0
31.0489,0.3807,0.0791,0.7295,0.5803,19.2923,0.51,1
3.027,0.0417,0.1719,0.1342,0.1768,2.0957,0.0508,0
7.623,0.0968,0.0681,0.4345,0.4528,12.6495,0.3897,1
37.484,0.3116,0.0819,0.7879,0.6421,23.004,0.3642,1
0.0,0.0706,0.0865,0.2259,0.0875,2.9187,0.0292,0
0.6328,0.0163,0.1776,0.1975,0.1898,2.9243,0.0769,0
8.0531,0.0275,0.0888,0.0862,0.205,1.5188,0.0,0
15.3653,0.22,0.0645,0.113,0.2325,4.4024,0.0131,1
2.0232,0.0077,0.1465,0.0837,0.0994,2.4288,0.0162,0
0.0,0.1178,0.0651,0.1118,0.2319,2.4891,0.1011,0
6.1415,0.067,0.0771,0.2521,0.2498,4.6092,0.055,0
28.0,0.3403,0.1166,0.5486,0.5937,16.867,0.4169,1
0.799,0.0129,0.0931,0.2923,0.1377,3.9643,0.038,0
32.9087,0.4031,0.0975,0.5924,0.6172,19.4487,0.3425,1
7.0179,0.095,0.1391,0.2765,0.2526,0.5303,0.0609,0
33.1967,0.3697,0.1138,0.7323,0.5329,22.8586,0.2967,1
33.8101,0.2296,0.1506,0.7746,0.6539,20.5982,0.4853,1
4.9891,0.0488,0.1591,0.6303,0.38,18.8365,0.2367,1
4.2698,0.0858,0.1427,0.4537,0.4804,12.0,0.2,1
28.0,0.3238,0.0875,0.38,0.606,26.3701,0.4067,1
35.9775,0.2657,0.0377,0.5361,0.7237,25.6833,0.4311,1
28.0,0.3562,0.0006,0.5518,0.4632,16.6077,0.3501,1
11.8379,0.2319,0.0766,0.1661,0.1305,0.8621,0.1058,1
0.5869,0.0,0.1241,0.2573,0.1401,3.0547,0.0177,0
9.4719,0.07,0.0667,0.1911,0.2032,4.3555,0.0338,0
2.2109,0.0948,0.1125,0.255,0.1541,4.9727,0.045,0
6.1192,0.0446,0.0029,0.1067,0.2494,2.7011,0.0493,0
10.8292,0.0337,0.0852,0.1926,0.35,7.0397,0.0869,0
4.2381,0.0307,0.0527,0.233,0.167,4.4427,0.1269,0
12.5019,0.3436,0.1093,0.1431,0.2049,5.5031,0.0489,1
9.0925,0.024,0.0237,0.1905,0.2115,2.1352,0.0413,0
6.4767,0.0685,0.1001,0.2405,0.1671,2.2787,0.0085,0
5.0745,0.0,0.1599,0.0754,0.1622,4.3996,0.041,0
33.9325,0.2489,0.0462,0.5681,0.4214,12.0,0.3569,1
3.032,0.0451,0.1415,0.1161,0.1197,4.1714,0.0109,0
10.6679,0.2699,0.0748,0.1678,0.1586,2.0838,0.2603,1
0.0,0.0241,0.1681,0.1809,0.256,5.4174,0.0595,0
6.884,0.0212,0.1548,0.2677,0.15,7.2083,0.0923,0
28.0,0.2754,0.0228,0.494,0.727,25.1489,0.411,1
6.4891,0.1188,0.1656,0.2115,0.2717,2.9188,0.0299,0
32.5144,0.1645,0.1871,0.1338,0.1409,3.7156,0.2445,1
35.2112,0.132,0.178,0.2071,0.1251,9.5362,0.2883,1
10.5323,0.0826,0.1418,0.4892,0.5665,16.6581,0.2,1
22.0,0.1148,0.1088,0.144,0.2753,3.1774,0.3316,1
13.5286,0.0506,0.1098,0.4276,0.4927,25.483,0.2,1
6.406,0.0,0.0458,0.0855,0.2278,1.3931,0.0556,0
29.7128,0.4731,0.0815,0.592,0.435,21.0127,0.2747,1
1.2519,0.0139,0.0559,0.283,0.059,2.4622,0.0414,0
0.9457,0.0844,0.0167,0.2322,0.1411,4.8929,0.0343,0
3.0791,0.2895,0.0483,0.2518,0.2126,2.4306,0.0841,1
0.0,0.0634,0.0045,0.2998,0.2323,2.9136,0.0366,0
36.0385,0.2511,0.0887,0.1729,0.1459,5.9282,0.2022,1
22.0,0.2667,0.0852,0.2,0.1769,6.5243,0.2173,1
9.1546,0.0816,0.0945,0.0554,0.1211,4.732,0.0306,0
4.7451,0.058,0.1357,0.1135,0.2617,4.3576,0.0657,0
5.7836,0.0424,0.1358,0.2372,0.1642,3.0264,0.0241,0
32.2988,0.1693,0.0655,0.3367,0.1681,9.0604,0.2574,1
4.0176,0.0,0.1197,0.1814,0.2052,5.2552,0.042,0
8.2141,0.0368,0.0661,0.1095,0.2311,0.0,0.0795,0
6.0302,0.0799,0.1275,0.6231,0.38,15.723,0.342,1
28.0,0.2737,0.0841,0.5557,0.6631,12.0,0.4139,1
12.0,0.0796,0.1277,0.1706,0.2337,0.7779,0.032,0
22.0,0.2589,0.0453,0.1853,0.2593,3.3604,0.2254,1
10.8447,0.0641,0.134,0.2396,0.1574,2.0917,0.0172,0
2.9022,0.0366,0.1228,0.1088,0.123,0.187,0.0343,0
1.4943,0.0,0.0174,0.2102,0.1358,0.5312,0.0978,0
6.5401,0.059,0.1024,0.2282,0.2415,2.2796,0.0524,0
6.743,0.0414,0.0522,0.2752,0.1668,7.7564,0.048,0
7.6562,0.3527,0.0991,0.1274,0.2097,4.5047,0.2336,1
4.0366,0.1002,0.1591,0.5836,0.431,14.3729,0.2189,1
6.1678,0.0044,0.0408,0.2993,0.1364,1.7761,0.0955,0
9.6735,0.3433,0.0656,0.0591,0.2173,7.0555,0.1495,1
5.0645,0.1068,0.1199,0.15,0.1235,1.9184,0.0501,0
10.5285,0.0063,0.053,0.1438,0.0753,2.5998,0.0,0
22.0,0.3103,0.0539,0.0956,0.0647,8.476,0.2511,1
3.6881,0.0393,0.1106,0.195,0.1152,4.5805,0.0,0
15.2702,0.3865,0.0843,0.0999,0.168,6.8823,0.1005,1
2.2586,0.0118,0.1381,0.2166,0.2563,0.256,0.0423,0
28.7422,0.4557,0.0784,0.5015,0.6128,18.4763,0.4189,1
5.195,0.0786,0.0383,0.1905,0.1386,2.5446,0.0155,0
8.4129,0.0255,0.156,0.05,0.172,3.5443,0.0704,0
1.8555,0.0719,0.0369,0.1225,0.05,3.4166,0.0452,0
8.139,0.0946,0.0561,0.4488,0.4864,21.6139,0.2609,1
11.6991,0.101,0.1093,0.1826,0.2048,1.0781,0.1025,0
22.0,0.182,0.0559,0.2436,0.1466,0.4142,0.2,1
36.3458,0.4445,0.1193,0.6059,0.6058,12.2755,0.3996,1
5.7386,0.0,0.0426,0.1875,0.2551,4.5574,0.0081,0
8.6648,0.0522,0.0724,0.2467,0.1252,4.6153,0.1294,0
41.5829,0.2238,0.1212,0.5243,0.6359,19.2969,0.3342,1
22.0,0.1,0.0258,0.1037,0.1547,7.9859,0.2385,1
4.3666,0.1514,0.1131,0.6567,0.38,16.5781,0.2881,1
27.6696,0.2212,0.0571,0.278,0.1071,5.9278,0.2,1
29.1996,0.2668,0.0785,0.66,0.737,12.0,0.3387,1
26.0165,0.2085,0.1045,0.3221,0.2463,7.3025,0.371,1
29.5652,0.4009,0.1046,0.5939,0.5918,18.3309,0.456,1
8.0452,0.0419,0.1624,0.2527,0.272,3.5468,0.0231,0
4.2266,0.0536,0.0465,0.1635,0.2366,1.8492,0.0,0
22.0,0.1158,0.095,0.2355,0.1596,4.2552,0.3201,1
6.4483,0.1093,0.1471,0.1377,0.35,3.8005,0.0672,0
10.4267,0.22,0.1732,0.26,0.2258,0.0,0.2001,1
28.0,0.2616,0.1371,0.6595,0.6613,12.0,0.3392,1
12.3977,0.1037,0.096,0.3804,0.6019,12.0,0.202,1
26.952,0.1946,0.0816,0.2258,0.1742,3.9167,0.2611,1
8.8786,0.025,0.0975,0.2093,0.2243,4.5332,0.0157,0
12.8221,0.2296,0.0625,0.0937,0.107,2.6493,0.166,1
6.4453,0.0487,0.1201,0.2746,0.1897,2.3101,0.0513,0
7.6564,0.0464,0.1713,0.1773,0.0651,4.6689,0.0981,0
25.7665,0.1742,0.126,0.1987,0.2504,7.1018,0.2404,1
12.5984,0.3081,0.0,0.1442,0.186,0.7177,0.1,1
13.0249,0.0531,0.0968,0.7012,0.38,23.7217,0.2147,1
45.1316,0.2297,0.1341,0.8041,0.6188,16.9547,0.241,1
23.5128,0.1184,0.0808,0.1486,0.1995,6.2655,0.2397,1
6.6969,0.3861,0.0814,0.2686,0.2611,2.6448,0.0663,1
22.0,0.2289,0.0328,0.2609,0.2359,0.6463,0.2994,1
11.2966,0.1187,0.0213,0.4387,0.397,20.9726,0.2,1
5.9347,0.0836,0.0847,0.0743,0.05,2.5307,0.0546,0
9.0629,0.076,0.1119,0.2284,0.1656,4.3187,0.0673,0
8.3112,0.311,0.1324,0.1961,0.0897,3.3526,0.2281,1
1.5647,0.0203,0.0633,0.05,0.1518,5.0394,0.0239,0
11.1193,0.3272,0.1275,0.2168,0.1618,0.9604,0.0965,1
3.643,0.1113,0.0709,0.0752,0.2521,3.8792,0.0488,0
3.5277,0.105,0.1342,0.2456,0.1961,1.7273,0.0909,0
32.004,0.22,0.0959,0.1483,0.0685,5.5196,0.3734,1
14.6954,0.2686,0.1075,0.2534,0.1276,5.0217,0.1641,1
2.1447,0.0353,0.1243,0.0658,0.1893,0.0,0.0518,0
5.611,0.115,0.1229,0.2142,0.1197,1.4063,0.0679,0
23.9258,0.1824,0.1191,0.2622,0.2365,3.1101,0.281,1
24.8737,0.1,0.08,0.2803,0.237,10.3537,0.2652,1
28.0,0.3025,0.1016,0.6363,0.7876,15.1476,0.5001,1
5.5019,0.2585,0.0469,0.195,0.222,0.2454,0.0931,1
2.5485,0.2813,0.0969,0.2426,0.2108,7.2491,0.2052,1
33.3385,0.169,0.0984,0.15,0.0945,3.9244,0.2,1
6.177,0.2919,0.0313,0.1288,0.2104,1.3546,0.0615,1
10.5205,0.3099,0.1167,0.1487,0.2754,5.8305,0.1853,1
12.3037,0.0807,0.0638,0.4683,0.38,15.9832,0.2757,1
8.2043,0.131,0.0439,0.4076,0.4327,18.1468,0.3242,1
11.1299,0.1105,0.1106,0.5324,0.4062,21.7048,0.2978,1
12.6174,0.3335,0.1859,0.3247,0.156,4.9853,0.1602,1
2.5748,0.0199,0.057,0.0915,0.2275,5.984,0.0102,0
3.0928,0.0853,0.1112,0.1677,0.2804,1.0324,0.0,0
4.8746,0.0617,0.1081,0.2366,0.1929,1.3996,0.0,0
7.5569,0.3148,0.1712,0.05,0.1833,6.6042,0.1351,1
7.185,0.1337,0.1729,0.6454,0.5256,17.0994,0.2,1
13.6594,0.1067,0.1484,0.5056,0.731,23.4384,0.2514,1
28.0,0.22,0.0,0.6707,0.5281,22.2018,0.3981,1
1.6556,0.0,0.0,0.2421,0.05,1.7397,0.0326,0
12.559,0.2813,0.1307,0.1837,0.1987,7.7783,0.1113,1
33.2445,0.1,0.1854,0.1517,0.2302,5.3115,0.2999,1
14.2699,0.2749,0.1154,0.2073,0.1722,5.0341,0.1889,1
24.9929,0.2188,0.1127,0.2426,0.2013,4.7071,0.2328,1
34.1043,0.3883,0.0864,0.6952,0.5932,24.8293,0.3011,1
3.0685,0.1107,0.1158,0.2176,0.1615,7.0027,0.0097,0
5.9842,0.0733,0.0936,0.1832,0.1627,6.9241,0.0864,0
4.5779,0.0724,0.1362,0.5957,0.648,19.6468,0.2669,1
5.5647,0.0605,0.1002,0.5748,0.6021,12.7095,0.3584,1
10.0719,0.22,0.1108,0.1899,0.2089,8.2144,0.1896,1
12.2946,0.2871,0.1014,0.1404,0.1811,2.2717,0.1976,1
7.1295,0.1508,0.1936,0.6099,0.5363,16.9696,0.4193,1
7.18,0.0679,0.0,0.245,0.2736,2.8222,0.1222,0
5.6469,0.0332,0.1817,0.1283,0.2144,3.5727,0.0302,0
22.0,0.22,0.0428,0.1664,0.2115,3.8264,0.1473,1
4.9338,0.3469,0.1125,0.1605,0.2463,2.8819,0.2175,1
15.8427,0.397,0.1139,0.1881,0.2017,0.0,0.1753,1
5.9137,0.1323,0.1233,0.2704,0.1861,0.3686,0.0008,0
10.2175,0.039,0.108,0.2374,0.2777,5.359,0.044,0
14.6854,0.1026,0.122,0.5283,0.6706,20.5444,0.378,1
5.0913,0.0,0.1067,0.2258,0.0755,6.3465,0.0575,0
5.7775,0.0743,0.1014,0.171,0.1163,0.0,0.0563,0
32.7622,0.2567,0.1022,0.7382,0.7685,14.5899,0.2932,1
11.3993,0.22,0.147,0.2369,0.2417,4.3365,0.2491,1
10.2608,0.0504,0.1017,0.38,0.5523,12.0,0.2097,1
22.0,0.1755,0.0708,0.1383,0.1501,9.7697,0.2862,1
10.6284,0.3406,0.1115,0.3002,0.168,5.5804,0.0446,1
12.4505,0.3063,0.0791,0.1953,0.1383,8.4511,0.2102,1
6.8268,0.0975,0.0956,0.0668,0.0766,0.5069,0.0294,0
9.5165,0.0283,0.1199,0.4632,0.38,13.6065,0.2081,1
13.3034,0.3787,0.0624,0.1342,0.1825,2.9978,0.1326,1
6.3751,0.3238,0.0981,0.1154,0.05,5.8508,0.0699,1
0.4086,0.0826,0.1402,0.2279,0.2877,3.1643,0.0866,0
1.2163,0.131,0.1487,0.2189,0.1634,2.8229,0.1512,0
5.288,0.0277,0.0841,0.1664,0.1798,0.9368,0.0064,0
22.0,0.1942,0.0489,0.2306,0.2677,3.9594,0.2567,1
9.5561,0.029,0.0725,0.1284,0.1579,3.8469,0.0008,0
7.6731,0.053,0.1513,0.5356,0.567,17.4163,0.2,1
40.7441,0.22,0.1411,0.5055,0.5591,21.5619,0.5529,1
26.1531,0.1219,0.1101,0.3004,0.2114,6.0533,0.2,1
7.2933,0.0353,0.1365,0.429,0.38,21.6642,0.3486,1
11.3364,0.0148,0.0668,0.4384,0.38,15.5105,0.2746,1
8.6715,0.0424,0.1581,0.1443,0.1697,6.0921,0.0679,0
4.673,0.3177,0.1121,0.2309,0.1355,6.3672,0.1901,1
40.5819,0.2671,0.0304,0.38,0.402,15.3702,0.3164,1
1.4072,0.0968,0.109,0.0967,0.1358,5.3593,0.0591,0
1.3432,0.0537,0.064,0.0573,0.0544,0.2037,0.0118,0
22.9045,0.1542,0.0703,0.0877,0.2909,9.8383,0.2919,1
5.1625,0.1036,0.0871,0.1804,0.2001,0.0,0.0,0
3.1441,0.0262,0.0,0.2029,0.0745,6.3801,0.0811,0
14.6692,0.4161,0.1188,0.2593,0.1492,3.9434,0.1646,1
3.9051,0.0694,0.1134,0.5878,0.6335,15.062,0.2866,1
33.4701,0.1384,0.0,0.1768,0.2119,8.5925,0.2909,1
11.6388,0.0298,0.1063,0.2966,0.1692,1.79,0.01,0
5.6855,0.0226,0.1343,0.3065,0.2977,3.016,0.0,0
13.7372,0.2613,0.0218,0.1648,0.1351,1.1902,0.1696,1
4.9124,0.0453,0.1018,0.2572,0.1485,3.3606,0.054,0
0.9715,0.1254,0.1076,0.0828,0.255,5.5398,0.0325,0
4.5632,0.3287,0.0598,0.1915,0.1555,3.297,0.1409,1
22.0,0.1,0.0744,0.1951,0.2825,8.9996,0.3236,1
26.7433,0.2508,0.1095,0.05,0.22,7.2376,0.2362,1
2.0255,0.0441,0.0633,0.2154,0.1618,2.3322,0.0732,0
9.0384,0.252,0.1369,0.2521,0.19,1.4788,0.1214,1
7.243,0.0388,0.0872,0.1344,0.1431,6.0225,0.0218,0
0.0,0.064,0.0996,0.1926,0.2631,3.5187,0.0469,0
22.0,0.1917,0.0767,0.2575,0.2232,1.6634,0.2658,1
10.8937,0.0216,0.1082,0.2982,0.2336,2.198,0.0549,0
1.298,0.0441,0.0607,0.1185,0.1176,1.8993,0.0028,0
27.0481,0.152,0.0554,0.1737,0.3328,2.3193,0.2492,1
28.0,0.2909,0.1056,0.5622,0.471,23.837,0.2,1
11.391,0.0425,0.0689,0.2025,0.2078,1.3788,0.0441,0
5.5998,0.1209,0.1063,0.3162,0.2653,2.9002,0.0618,0
22.0,0.1038,0.1444,0.2542,0.1087,5.4102,0.2,1
8.2704,0.2599,0.0633,0.1111,0.1755,2.4471,0.1192,1
8.2651,0.0924,0.0923,0.6582,0.5076,22.4587,0.3785,1
13.593,0.3313,0.1059,0.0705,0.2067,5.8855,0.215,1
3.387,0.0609,0.0423,0.5295,0.38,12.0,0.215,1
14.5158,0.3353,0.0765,0.1886,0.2935,3.6967,0.1035,1
10.2362,0.0741,0.0834,0.1857,0.1942,4.037,0.07,0
10.648,0.0579,0.1428,0.1906,0.2215,6.7885,0.0158,0
2.8978,0.0304,0.0796,0.1763,0.05,0.0,0.0618,0
4.8856,0.0343,0.0754,0.1656,0.171,3.7201,0.04,0
9.2938,0.0342,0.0833,0.5067,0.38,12.0,0.3504,1
28.0,0.22,0.123,0.4645,0.6481,12.1391,0.2836,1
1.9855,0.0783,0.0786,0.2197,0.2264,5.2701,0.0657,0
2.5325,0.0048,0.0963,0.1437,0.1391,3.4083,0.0326,0
8.4721,0.1577,0.0454,0.1633,0.144,0.1157,0.0109,0
5.4215,0.1604,0.0328,0.6736,0.449,26.1111,0.2891,1
12.0,0.0257,0.0733,0.2271,0.1581,5.4529,0.0131,0
6.8778,0.0462,0.0477,0.2624,0.2119,4.0004,0.0595,0
0.0,0.0079,0.1403,0.1246,0.1358,9.7758,0.0715,0
4.4551,0.0153,0.0373,0.2046,0.261,0.0565,0.0529,0
0.0,0.0524,0.1201,0.1759,0.1556,0.0,0.0912,0
12.6402,0.0301,0.0991,0.505,0.4539,12.0,0.3178,1
4.691,0.0725,0.0756,0.2516,0.1972,3.7321,0.0142,0
7.0909,0.0087,0.1357,0.1562,0.143,4.2732,0.0907,0
6.0773,0.0357,0.1398,0.3049,0.2198,0.0,0.037,0
6.6541,0.0792,0.0951,0.3248,0.2157,4.9707,0.0443,0
29.7322,0.282,0.1606,0.4211,0.5797,12.5648,0.3738,1
25.9529,0.234,0.1221,0.0932,0.2648,6.2871,0.2208,1
6.1594,0.1097,0.0519,0.1424,0.35,0.8301,0.0,0
10.3534,0.0508,0.0746,0.2391,0.212,4.4626,0.0461,0
9.872,0.0379,0.0796,0.1561,0.1549,3.2564,0.059,0
10.3245,0.2961,0.1066,0.2208,0.1347,4.0997,0.1544,1
6.6764,0.0749,0.1921,0.0826,0.2829,2.7413,0.1001,0
2.3549,0.0098,0.1281,0.3073,0.2037,4.5878,0.0114,0
10.4653,0.1055,0.0427,0.1216,0.202,2.679,0.0335,0
14.1202,0.1359,0.1238,0.5355,0.4019,20.7112,0.2,1
30.461,0.22,0.0387,0.4998,0.5501,14.9069,0.487,1
22.757,0.1246,0.1347,0.2184,0.2595,0.9199,0.2646,1
3.0257,0.0,0.0691,0.1758,0.0889,4.2765,0.0,0
34.0854,0.22,0.1332,0.4619,0.6961,12.0,0.2169,1
0.0,0.0418,0.0977,0.1117,0.077,2.224,0.0502,0
5.6688,0.1169,0.1646,0.1204,0.1543,6.3809,0.0888,0
6.9487,0.0217,0.1756,0.7517,0.4898,16.4217,0.2719,1
3.9181,0.0692,0.1146,0.2289,0.2339,2.5713,0.0976,0
12.347,0.0656,0.1077,0.4841,0.6641,15.1454,0.2,1
36.1851,0.2397,0.1538,0.5353,0.38,12.0,0.3981,1
8.2807,0.2762,0.1059,0.181,0.2338,4.8353,0.1316,1
7.7007,0.0658,0.068,0.498,0.6245,19.6296,0.256,1
12.1901,0.3882,0.1518,0.2484,0.1812,2.7609,0.1559,1
4.4748,0.0161,0.1153,0.05,0.1824,5.8584,0.0254,0
5.7784,0.0338,0.1111,0.5616,0.38,16.8865,0.2268,1
0.5185,0.1094,0.079,0.2612,0.1511,4.5307,0.1123,0
39.4036,0.2604,0.0628,0.6173,0.38,12.0,0.3925,1
4.9148,0.0647,0.0259,0.2327,0.141,1.7626,0.1044,0
2.4599,0.0542,0.0927,0.1791,0.1154,0.0,0.076,0
26.1259,0.1,0.0679,0.2005,0.2459,0.3777,0.2,1
16.2904,0.12,0.1233,0.38,0.4123,16.9814,0.2,1
12.267,0.2852,0.0874,0.1259,0.2401,8.4266,0.142,1
1.8235,0.0124,0.0301,0.1634,0.1586,2.8604,0.04,0
6.2499,0.0959,0.1056,0.1111,0.2024,4.6681,0.1142,0
34.7955,0.3407,0.1126,0.4545,0.38,21.0892,0.3901,1
8.8006,0.0866,0.0921,0.35,0.1065,4.218,0.0438,0
9.8816,0.1132,0.0997,0.4788,0.5592,12.6029,0.289,1
4.6665,0.0907,0.04,0.1303,0.2548,1.5545,0.0762,0
8.4862,0.0,0.095,0.1174,0.1259,1.9404,0.0331,0
26.011,0.2258,0.0679,0.2405,0.257,2.15,0.207,1
33.0502,0.22,0.0544,0.7511,0.6464,15.7255,0.3069,1
2.8168,0.0859,0.092,0.2429,0.05,0.0,0.0469,0
5.8767,0.0732,0.1337,0.1626,0.3125,5.7593,0.0763,0
35.4845,0.6,0.0927,0.4847,0.4609,20.2795,0.4662,1
7.1763,0.0065,0.0292,0.1513,0.1032,0.1903,0.0379,0
7.1992,0.0508,0.1334,0.1065,0.1878,0.1257,0.0743,0
10.5272,0.0779,0.1194,0.2283,0.1575,3.5136,0.0419,0
4.6529,0.0776,0.0044,0.1421,0.2472,0.0,0.1232,0
12.0,0.0683,0.0982,0.2559,0.1192,7.5191,0.0177,0
8.602,0.0016,0.1317,0.2015,0.223,5.6403,0.1043,0
12.0,0.0041,0.0705,0.2583,0.1177,2.8977,0.1066,0
3.1432,0.0422,0.0818,0.1594,0.2171,1.988,0.0226,0
1.9999,0.049,0.1209,0.1397,0.1586,0.9862,0.0345,0
8.3718,0.1019,0.0538,0.2303,0.2906,5.233,0.0876,0
23.6272,0.1394,0.1313,0.2146,0.281,1.0175,0.2706,1
8.343,0.1005,0.0498,0.2677,0.2479,5.4447,0.0666,0
4.9721,0.082,0.0869,0.05,0.1876,6.0231,0.0584,0
9.1282,0.22,0.1992,0.2312,0.241,0.0953,0.086,1
5.4395,0.0239,0.1125,0.2751,0.0623,3.4621,0.017,0
7.8622,0.0246,0.0302,0.2809,0.1271,3.827,0.0291,0
9.1042,0.3004,0.0302,0.2721,0.1927,1.651,0.187,1
5.761,0.0045,0.0689,0.3037,0.1914,4.4543,0.1246,0
28.0,0.3663,0.1327,0.6065,0.4845,12.2996,0.3246,1
4.7531,0.4072,0.1133,0.2134,0.2021,6.2934,0.203,1
9.1072,0.0313,0.1089,0.234,0.35,7.6045,0.0283,0
9.422,0.2904,0.0815,0.2,0.145,6.0499,0.1969,1
8.1332,0.168,0.0,0.1064,0.2926,5.6205,0.09,0
22.0,0.2466,0.139,0.1352,0.255,2.7246,0.2772,1
22.0093,0.1358,0.0428,0.321,0.127,3.6703,0.2,1
8.4869,0.1548,0.0822,0.1114,0.2312,2.6378,0.0867,0
0.0,0.0444,0.0674,0.2034,0.1978,3.8976,0.0067,0
34.4371,0.22,0.0562,0.5308,0.426,19.5185,0.4535,1
11.4444,0.0813,0.0768,0.3841,0.4632,12.0,0.3641,1
6.5778,0.0997,0.1032,0.4621,0.5892,12.929,0.2072,1
10.5685,0.149,0.039,0.4531,0.4704,17.6334,0.3588,1
7.7708,0.1064,0.0764,0.2359,0.2233,2.4477,0.093,0
22.4474,0.1913,0.0743,0.2182,0.1677,3.0941,0.2,1
0.0,0.0608,0.1056,0.1858,0.0832,0.0,0.0111,0
29.9692,0.1714,0.0487,0.1789,0.1611,11.0,0.2,1
6.3529,0.3119,0.0482,0.0873,0.1717,4.256,0.1211,1
28.0,0.2668,0.1375,0.6703,0.38,12.8963,0.3299,1
1.4855,0.0,0.1414,0.1979,0.0994,3.3753,0.0318,0
11.8296,0.1219,0.1331,0.5354,0.38,18.4345,0.3868,1
13.7543,0.2997,0.0831,0.1377,0.1458,3.15,0.2364,1
2.7477,0.0774,0.108,0.1636,0.3402,2.6179,0.0501,0
3.4971,0.0936,0.0564,0.1648,0.1846,1.5307,0.0586,0
9.0231,0.1094,0.0422,0.461,0.6636,12.0241,0.3288,1
7.0738,0.0438,0.0522,0.0981,0.1674,5.003,0.0554,0
37.8009,0.2729,0.0994,0.5563,0.555,22.4091,0.31,1
8.2039,0.0571,0.0977,0.2515,0.1583,0.4019,0.1314,0
7.5163,0.0632,0.1139,0.2542,0.1671,3.4007,0.0506,0
28.0,0.2882,0.1243,0.6333,0.5357,19.2063,0.2772,1
3.6951,0.1009,0.1114,0.2936,0.2007,6.4227,0.0402,0
4.1337,0.004,0.0509,0.0916,0.2027,4.9537,0.0566,0
5.1041,0.0,0.0594,0.1995,0.2661,5.5816,0.0027,0
29.1116,0.112,0.0986,0.3054,0.1517,2.8264,0.2268,1
8.6085,0.0409,0.1694,0.1744,0.2039,5.138,0.0,0
6.1972,0.1257,0.0849,0.5763,0.5555,17.6438,0.2788,1
6.778,0.0,0.1074,0.316,0.2533,2.2523,0.0504,0
29.4892,0.1665,0.0795,0.3103,0.194,4.029,0.2018,1
8.4541,0.1172,0.1208,0.4925,0.4025,12.8149,0.2,1
6.4599,0.2922,0.1231,0.1426,0.0921,4.6012,0.1434,1
27.677,0.1468,0.0658,0.3177,0.3175,9.6775,0.2,1
0.7162,0.0381,0.0383,0.2057,0.136,1.2655,0.0292,0
12.0,0.0469,0.0516,0.1441,0.1189,2.0211,0.0371,0
28.0,0.3011,0.1095,0.4894,0.6447,19.262,0.3673,1
8.0708,0.0482,0.0781,0.21,0.3264,0.5384,0.0,0
11.683,0.0442,0.0749,0.1483,0.0953,1.7409,0.1029,0
36.8195,0.326,0.1223,0.6339,0.5226,24.5417,0.3199,1
3.1267,0.0,0.1253,0.1701,0.2811,4.4838,0.0827,0
5.7837,0.0749,0.0,0.1727,0.3043,2.7405,0.1017,0
3.7214,0.0703,0.1336,0.2116,0.1831,0.192,0.0787,0
2.0037,0.1081,0.0842,0.13,0.1988,1.6976,0.0819,0
2.8056,0.0298,0.1266,0.0865,0.2955,1.1232,0.0781,0
6.0999,0.0752,0.0,0.2041,0.1936,2.3816,0.0206,0
8.7754,0.0413,0.0354,0.2657,0.2123,1.2904,0.0396,0
7.0523,0.0,0.104,0.2616,0.1461,3.4621,0.008,0
8.6081,0.0712,0.0682,0.6354,0.396,19.6492,0.2865,1
0.0,0.0,0.1601,0.1586,0.1369,3.1492,0.0,0
28.0,0.22,0.1045,0.38,0.5239,12.0,0.2578,1
8.7045,0.094,0.1178,0.0897,0.2747,3.7843,0.0,0
0.7661,0.0881,0.168,0.1912,0.0837,4.291,0.0706,0
13.1439,0.22,0.2,0.1646,0.2458,8.04,0.2062,1
8.8203,0.0687,0.1135,0.101,0.2292,2.716,0.0608,0
11.483,0.0,0.0737,0.2462,0.1503,4.5417,0.0404,0
5.0107,0.0,0.1077,0.0962,0.2088,4.799,0.0,0
0.2814,0.0798,0.0345,0.1643,0.2033,4.3616,0.0541,0
6.2322,0.0167,0.0666,0.1878,0.262,4.1348,0.0591,0
6.3824,0.2543,0.1037,0.2567,0.2297,4.0395,0.1018,1
10.4914,0.1476,0.0459,0.4397,0.4732,16.6239,0.3534,1
3.8966,0.0286,0.1294,0.1857,0.1174,6.2479,0.0253,0
5.0941,0.0,0.069,0.1531,0.1759,1.1913,0.0192,0
8.579,0.0685,0.0827,0.1459,0.128,2.1879,0.0,0
28.0,0.2985,0.0956,0.4323,0.38,21.016,0.4146,1
9.0644,0.2276,0.0801,0.1737,0.2176,2.8302,0.146,1
9.0534,0.0064,0.0999,0.1859,0.1438,2.8529,0.0181,0
6.0142,0.084,0.1093,0.1586,0.1588,3.2632,0.0373,0
2.88,0.0683,0.1079,0.075,0.1243,2.0327,0.054,0
27.8337,0.1681,0.0814,0.1851,0.1575,6.327,0.3003,1
8.606,0.0,0.1344,0.1349,0.1897,7.6601,0.0113,0
28.0,0.3169,0.1548,0.38,0.6186,15.5087,0.4787,1
5.8529,0.0,0.0903,0.1853,0.172,1.8803,0.0531,0
22.0,0.2019,0.0568,0.1757,0.1213,7.2561,0.2556,1
0.3784,0.0894,0.0715,0.1776,0.154,8.1112,0.0308,0
5.4208,0.0347,0.1726,0.4563,0.665,14.3679,0.2701,1
4.1278,0.0593,0.1098,0.4288,0.38,17.6101,0.2,1
1.313,0.0,0.1543,0.1535,0.1695,7.3807,0.0457,0
2.7679,0.0777,0.094,0.05,0.35,4.4597,0.0169,0
2.6326,0.0195,0.1124,0.2005,0.1395,4.5093,0.0305,0
5.2689,0.038,0.0385,0.1559,0.084,4.026,0.0895,0
6.211,0.0437,0.0648,0.38,0.5832,15.1034,0.2,1
13.1371,0.3247,0.0162,0.0849,0.3067,1.6007,0.178,1
2.4998,0.0382,0.0347,0.3308,0.2114,2.1663,0.0315,0
5.3725,0.0094,0.0497,0.2482,0.1153,10.0,0.101,0
3.086,0.0599,0.0709,0.05,0.1359,5.1946,0.0613,0
5.2087,0.0367,0.1007,0.1916,0.23,7.7379,0.0261,0
4.5871,0.0236,0.1517,0.4581,0.7033,21.8048,0.2,1
3.4046,0.0961,0.0588,0.7808,0.5086,12.0,0.2,1
5.0455,0.0987,0.0413,0.2285,0.169,2.4637,0.1003,0
35.4013,0.22,0.095,0.6212,0.6137,19.0655,0.3582,1
13.7643,0.3302,0.0795,0.2919,0.2723,2.132,0.0822,1
25.3709,0.1575,0.1283,0.269,0.2676,3.4965,0.2092,1
28.0,0.269,0.1451,0.6001,0.6085,21.2559,0.4331,1
6.9015,0.0909,0.0612,0.1377,0.1209,4.5955,0.0522,0
3.0947,0.0351,0.0252,0.2626,0.1578,2.8172,0.0519,0
28.0,0.3134,0.058,0.5729,0.604,18.1062,0.2,1
31.0793,0.2696,0.0499,0.38,0.38,19.098,0.5628,1
15.1155,0.22,0.1224,0.1744,0.2735,0.7746,0.1663,1
13.9045,0.1004,0.1404,0.5339,0.6857,24.4416,0.2203,1
11.281,0.1079,0.1477,0.2318,0.1171,2.4854,0.0492,0
29.8547,0.2315,0.0969,0.6611,0.38,25.7688,0.2138,1
5.8533,0.0325,0.086,0.2039,0.1499,2.9397,0.0,0
34.5468,0.4721,0.1959,0.5912,0.5778,16.1352,0.4767,1
22.0,0.1498,0.0711,0.1744,0.2758,5.2551,0.204,1
0.0,0.1006,0.0886,0.05,0.1497,0.7711,0.0632,0
11.2191,0.0442,0.1134,0.5015,0.4526,17.8881,0.2768,1
28.0,0.4088,0.0944,0.4491,0.5213,23.741,0.3228,1
11.0269,0.3891,0.0847,0.1285,0.1549,0.0,0.0577,1
9.199,0.2919,0.02,0.1346,0.1557,6.3202,0.1753,1
5.5264,0.0612,0.0774,0.1468,0.2688,4.1881,0.0647,0
22.0,0.2619,0.0712,0.1418,0.195,6.532,0.2574,1
11.6729,0.22,0.0875,0.1948,0.0663,3.9997,0.1105,1
6.6878,0.0908,0.1207,0.4631,0.5334,18.2184,0.3255,1
12.8045,0.3973,0.1055,0.0986,0.1849,4.8684,0.1417,1
8.0301,0.0965,0.1423,0.209,0.245,4.4986,0.0057,0
9.232,0.22,0.1549,0.2097,0.1959,2.8225,0.1316,1
22.0,0.1,0.0785,0.05,0.1162,6.5166,0.2481,1
1.4257,0.0447,0.15,0.176,0.2813,3.3941,0.0625,0
22.0,0.2563,0.1007,0.2452,0.1364,1.6917,0.3126,1
7.1587,0.0966,0.1814,0.4851,0.6683,18.0606,0.2478,1
7.889,0.1145,0.1834,0.2262,0.0932,3.3879,0.0931,0
7.3561,0.0057,0.1265,0.3238,0.0856,2.2503,0.1171,0
30.5615,0.2318,0.1023,0.7791,0.5214,17.6957,0.3325,1
7.0116,0.3858,0.1187,0.1093,0.1742,3.4922,0.2018,1
4.2529,0.1125,0.1302,0.1028,0.3459,1.7833,0.1258,0
4.8594,0.0773,0.1806,0.1571,0.1759,0.0,0.0525,0
6.9793,0.012,0.1507,0.2172,0.1061,2.2944,0.0104,0
2.9922,0.0055,0.0856,0.1991,0.2383,2.6457,0.0479,0
8.2715,0.3154,0.1083,0.1808,0.1352,1.6565,0.0783,1
3.2428,0.0352,0.1155,0.1371,0.2136,3.3762,0.055,0
5.0858,0.0058,0.0969,0.35,0.1619,6.817,0.0,0
0.0,0.0,0.1092,0.1822,0.2833,5.911,0.0105,0
9.3455,0.3757,0.0743,0.2434,0.072,5.7097,0.2294,1
22.0,0.1806,0.0782,0.3566,0.2647,6.2236,0.2451,1
11.0464,0.0869,0.0729,0.1201,0.2596,0.0,0.0806,0
3.4407,0.0498,0.0732,0.1939,0.2324,3.1645,0.043,0
1.6156,0.1297,0.2,0.1858,0.1606,7.7817,0.071,0
41.0269,0.2718,0.0538,0.618,0.38,28.3563,0.2962,1
47.6543,0.2625,0.0667,0.5844,0.5557,12.7778,0.3241,1
25.3578,0.2133,0.0724,0.0652,0.2491,5.0096,0.2896,1
9.5619,0.0213,0.1273,0.5987,0.5157,12.0,0.2,1
11.0612,0.22,0.1136,0.2897,0.1254,0.6289,0.2062,1
9.2433,0.22,0.0685,0.2191,0.2313,5.5575,0.3016,1
5.6879,0.0699,0.1039,0.1932,0.05,0.8726,0.0948,0
24.3282,0.2378,0.111,0.2589,0.2789,4.0281,0.3417,1
6.0759,0.0848,0.0288,0.1123,0.1828,2.0841,0.0331,0
4.7395,0.0767,0.017,0.1257,0.2377,0.8393,0.0835,0
23.0398,0.2436,0.0826,0.1751,0.1814,0.0,0.2,1
5.1983,0.0388,0.0992,0.1824,0.2245,3.9521,0.0601,0
3.8243,0.0979,0.1079,0.4395,0.5575,12.0,0.2909,1
29.7045,0.3216,0.1072,0.4448,0.5209,23.6962,0.4244,1
6.7291,0.1248,0.1184,0.1679,0.2535,4.3175,0.0232,0
11.1491,0.0717,0.1208,0.38,0.666,12.0,0.2201,1
2.5878,0.0398,0.1079,0.1981,0.2312,4.1991,0.0314,0
7.6427,0.3333,0.1529,0.0932,0.2502,3.4377,0.1407,1
6.8783,0.033,0.1429,0.05,0.2202,3.5354,0.0469,0
22.0,0.2866,0.0832,0.0984,0.0614,4.5998,0.2689,1
15.145,0.3821,0.0895,0.1695,0.2587,4.4276,0.2063,1
6.561,0.0299,0.1183,0.5546,0.3811,12.0,0.2,1
11.1589,0.0808,0.1399,0.5245,0.4962,12.0,0.235,1
1.5331,0.0321,0.0236,0.1333,0.262,5.7543,0.0728,0
7.1003,0.3463,0.0892,0.2865,0.1935,1.7893,0.1366,1
3.6826,0.2729,0.1064,0.1099,0.216,0.1727,0.151,1
3.7425,0.013,0.0935,0.0741,0.3064,3.9259,0.0366,0
5.9699,0.0829,0.142,0.4874,0.38,14.9604,0.2556,1
8.2701,0.0165,0.0367,0.1104,0.0899,3.3037,0.1059,0
7.2231,0.0998,0.0748,0.05,0.2747,0.9046,0.0187,0
1.4911,0.0232,0.0934,0.3441,0.1635,0.8623,0.0693,0
2.7357,0.0255,0.1189,0.0833,0.1636,2.3421,0.0544,0
3.6013,0.0615,0.1221,0.2075,0.1582,5.0661,0.0745,0
3.1642,0.0428,0.1071,0.166,0.2301,2.9954,0.0895,0
3.17,0.0345,0.1195,0.1952,0.1791,2.3915,0.026,0
29.6425,0.2444,0.0948,0.38,0.38,18.1481,0.2159,1
6.6023,0.22,0.155,0.1105,0.2102,5.9587,0.0954,1
33.9342,0.425,0.1719,0.4754,0.6088,16.3751,0.3232,1
4.9874,0.028,0.1097,0.05,0.0922,7.9593,0.0023,0
12.0,0.0148,0.1202,0.1667,0.2309,0.0,0.0058,0
6.0783,0.0313,0.0733,0.6452,0.7021,26.4808,0.2374,1
23.8322,0.2365,0.0888,0.1951,0.2693,4.5283,0.2,1
5.7961,0.051,0.1339,0.237,0.1461,0.0,0.0499,0
4.1711,0.0576,0.079,0.2629,0.0962,5.946,0.0608,0
12.8747,0.0741,0.0946,0.38,0.38,17.0089,0.3527,1
4.6193,0.0817,0.0282,0.1319,0.1441,0.0,0.0488,0
28.0,0.229,0.0109,0.7577,0.6151,12.5654,0.3235,1
5.8122,0.0089,0.1651,0.2172,0.1853,6.663,0.0435,0
15.9789,0.3406,0.186,0.1946,0.1362,1.5832,0.0,1
5.2363,0.0409,0.0835,0.2147,0.35,3.4412,0.0086,0
4.6615,0.0742,0.0474,0.1045,0.28,4.6039,0.0771,0
28.0,0.22,0.0937,0.4425,0.4886,12.5383,0.4888,1
3.378,0.0043,0.0963,0.0969,0.1759,7.3622,0.0637,0
1.6392,0.039,0.0989,0.5205,0.5797,17.9786,0.2,1
33.8721,0.2806,0.1222,0.2746,0.05,7.3499,0.2112,1
0.5314,0.0177,0.0904,0.1157,0.1375,8.476,0.0118,0
37.4945,0.2961,0.1474,0.5544,0.5414,17.5794,0.3354,1
3.6276,0.0,0.0654,0.1794,0.1851,6.6174,0.0987,0
3.2378,0.0841,0.0835,0.2098,0.0781,3.9874,0.0898,0
13.1685,0.3295,0.098,0.2107,0.2548,0.8792,0.1576,1
7.4013,0.0783,0.1422,0.5038,0.502,14.073,0.2434,1
8.8565,0.2307,0.0699,0.1632,0.2363,0.0,0.1039,1
28.0,0.3774,0.1082,0.6398,0.38,16.8668,0.2302,1
32.8303,0.1671,0.1013,0.1634,0.0819,0.3524,0.2,1
28.0365,0.2394,0.0874,0.1691,0.1538,8.2643,0.2654,1
6.7532,0.0394,0.0682,0.05,0.2985,1.1677,0.1239,0
22.0,0.1916,0.109,0.05,0.2033,0.6281,0.2773,1
6.3766,0.0403,0.0613,0.1551,0.1753,5.8555,0.0657,0
4.1557,0.0134,0.1206,0.1491,0.0867,0.0,0.0847,0
8.8693,0.0782,0.0757,0.1576,0.1495,1.025,0.1501,0
5.2363,0.0311,0.0787,0.2705,0.164,4.1692,0.04,0
5.4654,0.0408,0.0861,0.2448,0.2103,1.5043,0.0,0
28.9878,0.3338,0.1287,0.4839,0.6356,25.931,0.5539,1
6.0894,0.0879,0.0158,0.1881,0.1163,4.8076,0.1136,0
10.3095,0.3811,0.0636,0.1986,0.2332,1.9005,0.2668,1
5.771,0.4509,0.0249,0.279,0.2162,5.3047,0.0925,1
30.4113,0.2072,0.0782,0.2295,0.2183,3.9501,0.2,1
12.7887,0.2751,0.1465,0.1514,0.1972,4.9656,0.1584,1
2.8658,0.0473,0.1514,0.1801,0.1586,6.6987,0.0537,0
5.428,0.1305,0.0606,0.1841,0.2369,0.0,0.0696,0
22.0,0.1797,0.1337,0.2926,0.2056,3.0476,0.2,1
34.8888,0.2775,0.1157,0.4819,0.4379,21.6036,0.208,1
14.2269,0.2457,0.0898,0.1653,0.2326,6.9531,0.1831,1
3.1895,0.0676,0.084,0.1956,0.3194,0.0,0.0618,0
9.3249,0.3219,0.0846,0.2771,0.05,5.4813,0.172,1
28.0,0.22,0.1698,0.5538,0.6084,17.2373,0.4296,1
5.8183,0.0655,0.1197,0.1787,0.05,0.0,0.082,0
28.0,0.3018,0.1248,0.6603,0.759,16.4677,0.4139,1
37.0838,0.22,0.1063,0.6011,0.6215,16.0768,0.3439,1
7.2831,0.0,0.128,0.3225,0.1809,3.2032,0.068,0
12.4396,0.3037,0.0767,0.2345,0.1401,6.8688,0.1557,1
5.4523,0.0295,0.1294,0.2164,0.1799,2.6006,0.0663,0
2.8667,0.0658,0.1062,0.0925,0.2049,4.2115,0.0953,0
28.0,0.3145,0.14,0.3825,0.5884,12.0,0.2,1
2.332,0.0,0.0572,0.5755,0.4133,17.3991,0.2,1
29.2719,0.2005,0.0511,0.2195,0.1887,3.6305,0.2074,1
40.5018,0.3982,0.1164,0.4059,0.5096,25.7557,0.3509,1
5.24,0.0161,0.0985,0.1422,0.1417,0.8665,0.1305,0
3.9535,0.0966,0.1221,0.3074,0.1173,2.923,0.0038,0
7.8244,0.286,0.0676,0.1315,0.0558,5.2666,0.0,1
5.598,0.024,0.0751,0.35,0.1451,5.3026,0.02,0
5.0362,0.1233,0.0836,0.05,0.1017,3.7822,0.0239,0
28.1567,0.3429,0.1195,0.2142,0.1769,7.4442,0.2,1
6.742,0.1003,0.0752,0.5812,0.7109,20.9789,0.2,1
4.5955,0.057,0.0876,0.38,0.4578,14.7795,0.2,1
0.1983,0.0,0.0563,0.2052,0.1525,0.0,0.0632,0
22.0,0.1982,0.0569,0.1069,0.2397,0.0,0.2,1
4.3456,0.0,0.0865,0.1614,0.0534,3.6687,0.1324,0
28.4123,0.2927,0.1674,0.6073,0.6793,12.3155,0.5244,1
11.0377,0.2519,0.1584,0.2112,0.05,2.4253,0.1642,1
2.3143,0.1058,0.059,0.109,0.2569,2.1145,0.009,0
3.8216,0.3647,0.073,0.1562,0.2072,8.36,0.1411,1
2.6299,0.0615,0.123,0.2234,0.1598,2.3243,0.0849,0
8.583,0.1333,0.1373,0.38,0.4833,23.4226,0.2,1
28.0,0.3856,0.0733,0.5791,0.4174,13.2352,0.4378,1
25.0975,0.2029,0.1294,0.2372,0.2325,0.0,0.2,1
5.7038,0.0683,0.0818,0.2073,0.1212,4.7343,0.0199,0
40.8587,0.3403,0.1448,0.5736,0.52,14.6891,0.2568,1
2.857,0.2377,0.0791,0.2143,0.238,3.0792,0.1762,1
6.8043,0.0576,0.0503,0.38,0.6437,18.719,0.3799,1
1.9282,0.0839,0.0532,0.4036,0.38,12.0,0.3222,1
6.5293,0.1091,0.1779,0.0755,0.2396,2.8244,0.0239,0
5.3395,0.0447,0.1078,0.1689,0.2663,4.4975,0.032,0
22.0,0.1013,0.1501,0.2611,0.1425,5.3195,0.2,1
9.7816,0.0815,0.0994,0.6089,0.4838,12.0,0.2322,1
7.6466,0.383,0.1433,0.3079,0.1374,3.3523,0.0,1
22.0,0.1688,0.0863,0.3211,0.162,4.0511,0.2,1
7.9281,0.22,0.0,0.2151,0.1158,5.9369,0.2424,1
1.7557,0.1156,0.0905,0.0911,0.2791,6.2856,0.0,0
4.2242,0.1045,0.1814,0.5187,0.7241,15.2381,0.3264,1
11.596,0.3123,0.1214,0.1533,0.1815,5.3764,0.1718,1
6.5549,0.0735,0.0939,0.3012,0.1313,5.3664,0.0617,0
3.6233,0.0571,0.0948,0.1522,0.1839,5.9125,0.0648,0
8.763,0.4027,0.0863,0.1022,0.2527,3.7443,0.1438,1
7.8473,0.1325,0.1189,0.05,0.1831,6.5889,0.0256,0
3.1706,0.2349,0.0422,0.129,0.3107,0.0,0.1305,1
22.0,0.1727,0.1486,0.05,0.1744,2.6925,0.2914,1
26.4725,0.1347,0.1641,0.23,0.0948,5.9598,0.265,1
4.5445,0.0105,0.1928,0.1604,0.1726,3.5856,0.0061,0
1.1272,0.0592,0.067,0.143,0.2036,0.0,0.1107,0
16.7107,0.2548,0.0654,0.1234,0.1131,7.0372,0.1272,1
11.7371,0.0585,0.156,0.4587,0.4386,15.4644,0.2796,1
6.3806,0.0605,0.0955,0.1703,0.228,3.4575,0.027,0
5.2108,0.0853,0.088,0.2809,0.2136,0.9809,0.0925,0
0.0,0.0111,0.1743,0.2678,0.2122,6.7549,0.0993,0
3.3482,0.0126,0.1114,0.1743,0.2165,7.093,0.0,0
7.6014,0.0428,0.0285,0.115,0.05,4.1236,0.051,0
7.3986,0.0672,0.0877,0.4367,0.67,16.9618,0.324,1
4.2361,0.0111,0.0483,0.5045,0.7473,12.0,0.264,1
2.9592,0.0882,0.0775,0.05,0.1153,0.5334,0.0481,0
6.767,0.0831,0.1866,0.6051,0.7249,22.0997,0.2579,1
9.5141,0.0954,0.0379,0.1488,0.1368,5.3825,0.0328,0
36.0195,0.3714,0.1217,0.693,0.5875,17.9657,0.2245,1
6.0121,0.0308,0.1436,0.1608,0.1864,2.0589,0.0607,0
0.6399,0.0,0.0753,0.2169,0.247,2.5997,0.0639,0
2.9682,0.0989,0.0768,0.2758,0.3278,4.6677,0.0393,0
0.0,0.0618,0.1215,0.0855,0.0513,4.6633,0.0,0
9.2734,0.2815,0.0634,0.267,0.2315,0.8311,0.0946,1
34.8631,0.2451,0.1023,0.158,0.1633,4.5845,0.279,1
0.9096,0.0199,0.0698,0.05,0.1214,6.7376,0.0792,0
4.0455,0.1096,0.0554,0.1886,0.3059,2.937,0.0383,0
31.7922,0.1752,0.0874,0.1173,0.2206,4.9552,0.242,1
10.3306,0.0499,0.1755,0.2089,0.1416,3.2496,0.0,0
0.0,0.0687,0.0707,0.1275,0.2995,1.163,0.1322,0
23.9791,0.1,0.105,0.2058,0.1504,10.7878,0.2,1
7.6513,0.0439,0.1053,0.2583,0.1462,2.0499,0.0,0
4.1805,0.0319,0.0466,0.2066,0.2386,0.0,0.0038,0
5.1193,0.0597,0.1066,0.1531,0.1718,2.7517,0.0,0
5.6793,0.0,0.0976,0.0975,0.1778,1.7248,0.0538,0
2.4964,0.0647,0.1312,0.2915,0.2381,3.9316,0.0,0
0.0,0.0602,0.1127,0.2323,0.1882,3.5212,0.1213,0
6.7675,0.0528,0.0333,0.1801,0.2733,1.4219,0.0495,0
11.031,0.1283,0.079,0.4377,0.4722,23.6639,0.2,1
0.0,0.003,0.1005,0.1762,0.1991,8.7649,0.0,0
5.7101,0.1007,0.0836,0.551,0.5628,12.0,0.242,1
22.0,0.148,0.1756,0.179,0.1211,7.0698,0.2,1
22.0,0.1,0.1569,0.1279,0.1183,4.2894,0.2,1
29.2484,0.3751,0.0869,0.5283,0.6374,19.0818,0.4435,1
43.7406,0.422,0.0886,0.7491,0.7048,20.0777,0.2885,1
28.0,0.3792,0.1591,0.47,0.5458,13.2281,0.4941,1
11.0238,0.454,0.0468,0.1038,0.13,1.6676,0.1567,1
8.077,0.0498,0.1268,0.6337,0.527,21.4729,0.3869,1
22.0,0.22,0.0868,0.2518,0.3182,7.6825,0.1389,1
26.6007,0.1224,0.1038,0.1916,0.1937,8.1077,0.2,1
1.8554,0.0,0.0361,0.1896,0.05,0.0,0.0,0
25.1047,0.1779,0.137,0.259,0.1929,3.3817,0.3424,1
11.5871,0.0492,0.0209,0.162,0.2056,4.0468,0.0573,0
6.389,0.0797,0.0756,0.4535,0.5308,12.0,0.3177,1
5.6459,0.0415,0.0817,0.2163,0.1801,0.0,0.0226,0
0.0,0.0383,0.0535,0.1847,0.2529,3.5886,0.1239,0
3.1111,0.0507,0.0635,0.4658,0.6135,12.2586,0.3911,1
7.987,0.075,0.0715,0.2734,0.1827,4.9964,0.0295,0
10.3255,0.0901,0.0943,0.493,0.4306,18.2252,0.3396,1
5.1595,0.0492,0.0572,0.1068,0.1671,1.9896,0.0528,0
4.748,0.0527,0.1702,0.2397,0.1215,2.104,0.0141,0
28.0,0.28,0.085,0.5884,0.38,13.504,0.31,1
15.4844,0.3438,0.062,0.1276,0.2295,3.7917,0.1699,1
10.2497,0.2248,0.0871,0.2064,0.1351,3.3843,0.1353,1
1.9886,0.0657,0.1272,0.333,0.1134,0.0,0.0181,0
12.0,0.0932,0.1296,0.2683,0.1255,5.1111,0.0526,0
13.7136,0.3303,0.0592,0.1808,0.2012,1.133,0.1477,1
9.2968,0.047,0.1094,0.1663,0.2303,1.3598,0.052,0
5.2252,0.1204,0.1164,0.38,0.6463,18.7149,0.2291,1
10.4606,0.2839,0.1352,0.2329,0.2025,0.4492,0.151,1
1.7066,0.0633,0.112,0.38,0.4088,17.3946,0.3133,1
9.0981,0.0,0.1631,0.4433,0.38,13.8987,0.2211,1
16.057,0.232,0.0798,0.1699,0.2071,6.3988,0.1844,1
2.3528,0.0881,0.0596,0.2195,0.2292,3.5954,0.0,0
22.0,0.1947,0.1152,0.141,0.249,5.0615,0.2,1
30.316,0.4033,0.126,0.5153,0.4702,21.7775,0.293,1
13.1399,0.1212,0.1856,0.6985,0.5047,15.071,0.2807,1
4.7709,0.0305,0.1222,0.5098,0.5793,16.0414,0.2,1
35.9647,0.2347,0.0672,0.2726,0.2136,9.1567,0.2294,1
3.4375,0.0656,0.138,0.1401,0.3026,1.6252,0.0425,0
35.7813,0.1,0.1047,0.2509,0.2751,3.4254,0.217,1
5.133,0.0668,0.0688,0.2583,0.2017,2.1902,0.0598,0
4.0992,0.0689,0.1345,0.2704,0.0845,0.7951,0.0829,0
3.287,0.0638,0.0262,0.1164,0.129,3.2316,0.002,0
3.8202,0.038,0.0742,0.1506,0.2011,2.9522,0.0473,0
3.7862,0.3824,0.1369,0.2317,0.2576,6.3102,0.087,1
7.4155,0.1022,0.0716,0.1747,0.2773,1.8528,0.0944,0
11.6506,0.2658,0.0897,0.2504,0.1584,4.8937,0.2978,1
6.3149,0.1117,0.118,0.2335,0.0745,1.9916,0.0929,0
9.7841,0.0578,0.0576,0.05,0.05,1.7235,0.0297,0
0.0,0.0574,0.053,0.0936,0.1998,2.6575,0.0172,0
4.3561,0.1029,0.1233,0.1049,0.2638,1.8007,0.038,0
8.2595,0.0647,0.0657,0.159,0.285,3.6607,0.0224,0
0.4851,0.0004,0.0951,0.1315,0.1522,0.0,0.0256,0
7.6155,0.0217,0.1087,0.0823,0.2471,1.0101,0.0714,0
5.6382,0.0932,0.0883,0.4059,0.38,13.0854,0.2558,1
12.0,0.0398,0.0761,0.2116,0.1062,2.1417,0.0547,0
28.0,0.3262,0.028,0.4661,0.4315,18.7572,0.3916,1
10.5762,0.0509,0.1759,0.2282,0.1342,2.1663,0.0009,0
7.8609,0.22,0.1377,0.0809,0.1403,3.0017,0.0864,1
5.4674,0.085,0.1837,0.0937,0.1258,1.1633,0.0638,0
9.8303,0.1335,0.1157,0.273,0.0993,2.2208,0.0673,0
2.1108,0.0043,0.0454,0.1472,0.2284,4.7587,0.1057,0
8.6999,0.0621,0.0865,0.176,0.2873,0.548,0.0476,0
11.6017,0.0549,0.0483,0.1558,0.3436,0.7559,0.0804,0
7.9758,0.1203,0.0878,0.1811,0.169,4.0775,0.0084,0
4.3942,0.0064,0.0392,0.2332,0.2017,3.6305,0.059,0
6.2856,0.1305,0.0823,0.6184,0.515,17.6391,0.228,1
22.0,0.1751,0.0758,0.2026,0.1787,7.6071,0.3046,1
22.0,0.1379,0.1504,0.2209,0.2599,5.6593,0.2,1
0.0,0.0748,0.0688,0.1727,0.1711,1.0947,0.058,0
9.518,0.3663,0.0607,0.1974,0.165,4.4916,0.1146,1
6.9971,0.0,0.1652,0.068,0.2365,0.6233,0.1369,0
4.2256,0.1131,0.1041,0.2627,0.1942,0.4892,0.0943,0
11.1396,0.0859,0.1218,0.38,0.529,17.4029,0.2,1
9.7447,0.095,0.1,0.1855,0.2095,0.0,0.0348,0
9.419,0.1465,0.1001,0.1524,0.2366,1.8876,0.019,0
2.0836,0.1528,0.0913,0.6348,0.5484,18.9323,0.2,1
3.3229,0.0491,0.1127,0.1051,0.1835,0.0,0.0459,0
29.3089,0.3659,0.1853,0.5801,0.38,16.4247,0.4576,1
0.0,0.047,0.1349,0.0908,0.1334,6.1596,0.0655,0
2.5428,0.0675,0.0962,0.2182,0.1686,1.1113,0.0037,0
4.1076,0.0176,0.1293,0.1448,0.0923,7.3646,0.0455,0
6.5897,0.22,0.0735,0.2075,0.1625,6.3121,0.1977,1
5.3973,0.0,0.0655,0.1995,0.1879,2.0347,0.0957,0
25.2084,0.1442,0.1049,0.205,0.2089,9.4021,0.2369,1
2.1047,0.0604,0.0608,0.1701,0.0751,4.3615,0.0624,0
2.1407,0.0528,0.1152,0.2018,0.0768,2.9058,0.0879,0
19.7637,0.2836,0.0841,0.1816,0.2158,7.9653,0.1102,1
9.9883,0.2227,0.0881,0.1127,0.2084,9.2471,0.0858,1
5.88,0.0864,0.0674,0.7981,0.5865,12.0,0.2007,1
2.9853,0.0675,0.1129,0.2677,0.2374,1.7034,0.0,0
18.2164,0.2764,0.1498,0.2349,0.2574,5.7907,0.153,1
10.7074,0.1088,0.0167,0.4912,0.6859,19.9263,0.3107,1
4.5952,0.1165,0.0765,0.0525,0.3341,4.9873,0.0661,0
8.8922,0.3838,0.176,0.214,0.2293,0.0,0.0331,1
0.1782,0.0664,0.0619,0.2204,0.0987,1.0956,0.0052,0
5.0514,0.1295,0.1218,0.05,0.2692,6.3216,0.0119,0
6.1102,0.332,0.0136,0.2095,0.071,3.807,0.1638,1
6.2657,0.0,0.109,0.2816,0.2407,5.9413,0.1097,0
0.1173,0.3102,0.0903,0.3206,0.3147,3.6414,0.1715,1
11.5993,0.0421,0.1028,0.3937,0.4866,12.0,0.3199,1
7.5008,0.22,0.0919,0.1455,0.1609,1.9403,0.0662,1
3.8728,0.0669,0.0592,0.0946,0.14,2.0959,0.092,0
4.8616,0.0667,0.0934,0.1856,0.2877,7.9352,0.0479,0
7.3684,0.2775,0.1077,0.0995,0.3262,1.5548,0.1038,1
15.5205,0.2863,0.1115,0.2231,0.1736,4.7182,0.0342,1
1.9957,0.0,0.1111,0.0661,0.3245,2.1921,0.0449,0
1.046,0.0336,0.158,0.0615,0.05,2.5419,0.027,0
6.4846,0.0159,0.0965,0.0748,0.1839,5.8221,0.1218,0
3.1777,0.1106,0.0104,0.4721,0.4599,18.8351,0.3243,1
6.4447,0.0491,0.0299,0.169,0.1372,4.6047,0.0474,0
11.1791,0.0576,0.1092,0.1192,0.0614,4.8245,0.1032,0
9.2657,0.013,0.0539,0.1716,0.2307,1.4848,0.0287,0
13.0714,0.22,0.118,0.1473,0.2991,0.0,0.1912,1
6.2831,0.0651,0.0955,0.1282,0.1264,5.8024,0.018,0
0.0,0.0972,0.1237,0.1589,0.0966,0.0,0.0356,0
9.0874,0.301,0.0227,0.2102,0.2153,3.525,0.1526,1
7.0998,0.0353,0.0839,0.2753,0.1468,0.0,0.0926,0
35.7185,0.3149,0.1405,0.821,0.5915,14.4255,0.3544,1
5.7938,0.2356,0.0927,0.2601,0.1471,0.0,0.1516,1
10.2582,0.1558,0.1909,0.1478,0.1895,2.5258,0.1117,0
10.8698,0.329,0.136,0.3191,0.1854,0.6878,0.1433,1
7.698,0.0982,0.0745,0.2526,0.1094,5.8405,0.0801,0
28.0,0.22,0.1342,0.5128,0.4907,12.0,0.3325,1
29.9553,0.3767,0.1277,0.5843,0.4938,16.4155,0.4285,1
22.3073,0.1,0.0764,0.1431,0.154,4.8449,0.2269,1
12.0,0.0994,0.0675,0.1991,0.2008,2.527,0.0579,0
8.3265,0.031,0.1345,0.1959,0.239,4.4613,0.0911,0
7.2187,0.0,0.1076,0.247,0.2479,0.0,0.0,0
16.8848,0.0209,0.1267,0.6237,0.4804,20.2716,0.3971,1
15.2408,0.22,0.1171,0.1241,0.1829,3.1765,0.1757,1
0.0,0.043,0.0849,0.1623,0.2478,0.0,0.0,0
7.4771,0.0639,0.1401,0.2704,0.1778,0.0,0.0,0
13.906,0.2225,0.1081,0.1996,0.1057,2.175,0.204,1
0.1696,0.0687,0.0489,0.2661,0.1603,9.0469,0.0457,0
3.7,0.0561,0.1328,0.1103,0.1887,1.0396,0.0,0
6.4174,0.09,0.0257,0.1868,0.2505,6.4798,0.0,0
10.5619,0.3607,0.1073,0.1673,0.1798,3.0181,0.1748,1
22.0,0.314,0.1184,0.0981,0.1269,4.6689,0.2,1
11.8173,0.22,0.1306,0.1522,0.2143,7.5538,0.1173,1
6.9795,0.22,0.1733,0.2083,0.1401,5.2315,0.1664,1
5.9359,0.0398,0.0864,0.4557,0.6127,13.8516,0.2697,1
35.5528,0.3063,0.0911,0.5016,0.4577,18.7058,0.2282,1
28.0,0.3015,0.1142,0.6578,0.5005,14.6868,0.2562,1
3.2015,0.095,0.0845,0.153,0.05,5.4396,0.0347,0
6.5561,0.0608,0.1155,0.1385,0.2235,6.7324,0.088,0
5.3998,0.0325,0.2,0.2004,0.2534,6.7137,0.0604,0
4.6901,0.0265,0.1167,0.5859,0.38,16.1513,0.3522,1
14.1345,0.1527,0.0755,0.7148,0.5062,16.9568,0.2584,1
5.6734,0.2778,0.0687,0.1593,0.0757,4.201,0.097,1
11.0089,0.22,0.091,0.2164,0.1107,4.2354,0.1952,1
7.0816,0.0721,0.1395,0.0589,0.256,3.9624,0.0088,0
10.1726,0.0094,0.0213,0.1796,0.2655,2.9295,0.0443,0
12.7273,0.1083,0.0938,0.5493,0.5918,12.4701,0.227,1
4.5154,0.017,0.1475,0.1231,0.1376,4.151,0.0,0
10.0601,0.4683,0.0968,0.2028,0.1488,1.5252,0.1289,1
24.3947,0.2445,0.0879,0.2013,0.1947,4.2004,0.2,1
7.8796,0.3772,0.091,0.227,0.2498,3.3982,0.1448,1
4.1284,0.0345,0.0486,0.0838,0.2231,3.8023,0.0513,0
1.5786,0.0,0.117,0.323,0.1901,1.1494,0.0976,0
3.4248,0.0457,0.1174,0.2251,0.2165,5.7816,0.0749,0
2.343,0.0489,0.1442,0.2243,0.2108,3.354,0.0211,0
28.0,0.22,0.0894,0.5153,0.3943,15.7639,0.4691,1
9.7937,0.2421,0.1467,0.2133,0.1499,0.0,0.1803,1
22.0,0.1766,0.0432,0.229,0.2258,0.4232,0.2319,1
30.4372,0.3232,0.1003,0.6927,0.4953,23.9924,0.3492,1
7.4884,0.0328,0.151,0.1157,0.0571,4.7058,0.0493,0
3.6731,0.0666,0.0263,0.2037,0.2282,1.1216,0.1174,0
1.1278,0.0,0.0963,0.1173,0.1544,5.4311,0.066,0
2.7691,0.0773,0.1518,0.1917,0.1823,4.0719,0.0775,0
28.0,0.2574,0.0511,0.38,0.584,17.5261,0.2,1
11.154,0.0232,0.0833,0.4965,0.38,12.0,0.2,1
6.8856,0.0858,0.1304,0.1113,0.2071,0.0311,0.0736,0
0.0,0.0746,0.1278,0.1588,0.3116,3.0313,0.0,0
11.3581,0.3109,0.1447,0.1411,0.1034,2.904,0.1834,1
8.3574,0.0812,0.1723,0.1963,0.2692,0.745,0.0632,0
22.0,0.1775,0.0764,0.1159,0.2665,3.4285,0.2205,1
9.8984,0.0762,0.0709,0.7362,0.6003,12.0,0.3613,1
30.7911,0.2738,0.0461,0.5355,0.3919,24.9205,0.3238,1
17.9077,0.105,0.1108,0.4711,0.4326,18.1327,0.3907,1
28.0,0.3027,0.0731,0.47,0.6974,23.0507,0.4254,1
6.899,0.1091,0.0812,0.1751,0.1214,1.7525,0.0959,0
5.9861,0.22,0.0653,0.2633,0.2136,2.7991,0.1114,1
22.0,0.2147,0.0877,0.1307,0.2342,7.6015,0.2,1
0.0,0.0375,0.117,0.1082,0.2824,0.3057,0.0,0
3.3052,0.1049,0.1059,0.2006,0.05,3.3139,0.031,0
22.4245,0.1443,0.1687,0.1924,0.2337,1.7315,0.2308,1
2.9808,0.0494,0.1056,0.2245,0.2328,2.3297,0.0823,0
40.8082,0.1,0.1137,0.1469,0.2066,7.6242,0.2,1
9.1827,0.0,0.0895,0.1676,0.05,4.5337,0.0519,0
14.7372,0.3206,0.149,0.1461,0.1927,2.7222,0.2173,1
10.685,0.1408,0.0393,0.4614,0.4687,14.3442,0.2622,1
4.3515,0.1285,0.0451,0.1486,0.1792,2.6542,0.101,0
15.3835,0.22,0.2,0.1516,0.1966,5.308,0.1324,1
8.5503,0.0775,0.0461,0.2386,0.108,0.5878,0.0662,0
7.5846,0.0489,0.1244,0.1072,0.2468,4.5247,0.0587,0
7.3049,0.0053,0.1056,0.1458,0.1431,7.0661,0.0652,0
2.9809,0.0,0.0936,0.2068,0.1084,8.6351,0.0379,0
14.0616,0.0,0.0748,0.5426,0.5546,16.9683,0.2687,1
10.991,0.0683,0.0782,0.1946,0.1841,3.2046,0.0411,0
5.0545,0.0186,0.0,0.058,0.2133,0.0,0.0947,0
0.0,0.0129,0.0434,0.1276,0.1428,0.0,0.0878,0
10.079,0.0377,0.158,0.0929,0.2583,10.0,0.0264,0
10.264,0.0,0.1236,0.1695,0.165,4.8067,0.0347,0
3.9897,0.04,0.0149,0.2464,0.0719,0.7851,0.0799,0
11.3033,0.0515,0.0244,0.1975,0.1746,6.5038,0.0496,0
7.657,0.0588,0.0331,0.1115,0.2625,0.0,0.0156,0
10.509,0.0382,0.1383,0.35,0.2657,4.7748,0.0302,0
4.0373,0.0737,0.0963,0.287,0.1826,6.9935,0.0665,0
0.2851,0.0,0.064,0.07,0.2772,4.3259,0.0312,0
11.7967,0.0547,0.061,0.451,0.4142,20.9248,0.2,1
28.275,0.1821,0.0821,0.0557,0.1676,4.0381,0.3325,1
10.854,0.0578,0.0666,0.2199,0.1742,1.7567,0.0774,0
10.527,0.22,0.096,0.1692,0.192,6.202,0.1608,1
22.0,0.1556,0.078,0.1307,0.2168,9.048,0.2,1
0.771,0.0476,0.0673,0.7981,0.6211,17.8209,0.2217,1
6.1581,0.1202,0.143,0.1768,0.2035,5.2027,0.0277,0
22.0,0.1407,0.0331,0.1217,0.2012,7.277,0.2362,1
0.0,0.0314,0.1084,0.2774,0.254,4.5477,0.0711,0
36.0528,0.2513,0.1551,0.5357,0.4996,12.329,0.4482,1
0.0,0.0176,0.0901,0.2382,0.2736,0.0,0.0,0
5.3647,0.0604,0.0806,0.1351,0.1682,2.8314,0.0756,0
8.6115,0.0766,0.0494,0.134,0.0803,5.1598,0.0447,0
22.7718,0.2701,0.0557,0.1012,0.05,4.0831,0.2278,1
13.0144,0.2542,0.1319,0.0722,0.2063,5.8426,0.2018,1
32.2949,0.2958,0.075,0.6397,0.5262,20.7019,0.4091,1
9.4659,0.299,0.1911,0.1285,0.1869,4.0721,0.1424,1
6.6576,0.0912,0.1598,0.2386,0.1824,4.7608,0.061,0
3.9585,0.1224,0.1248,0.235,0.05,7.0426,0.0429,0
0.0,0.043,0.1304,0.1558,0.1793,4.8525,0.0211,0
10.4793,0.095,0.0528,0.126,0.1753,0.0,0.0775,0
3.7301,0.117,0.1073,0.1947,0.219,7.1036,0.0316,0
22.0,0.1299,0.0865,0.3026,0.1178,7.5821,0.2,1
3.9677,0.0647,0.1018,0.2076,0.181,5.7693,0.0,0
2.7228,0.0,0.0799,0.2313,0.2546,6.1946,0.1239,0
30.9444,0.22,0.0649,0.38,0.7914,20.499,0.4418,1
5.5813,0.0774,0.1357,0.6046,0.4148,25.2834,0.2616,1
20.5012,0.3034,0.1167,0.1339,0.2218,4.3666,0.2666,1
10.568,0.3745,0.1621,0.1158,0.2325,4.3454,0.1071,1
7.5973,0.0,0.0757,0.0765,0.1626,7.345,0.0366,0
9.8376,0.0467,0.0843,0.0812,0.1305,0.9065,0.0445,0
3.5293,0.0778,0.1473,0.2133,0.1679,3.1413,0.0709,0
35.8657,0.2819,0.0494,0.6407,0.5814,19.3322,0.4271,1
28.6748,0.1457,0.0977,0.2751,0.1024,1.6351,0.2194,1
8.5578,0.1235,0.1604,0.5035,0.6138,17.4242,0.2413,1
28.0,0.4274,0.1214,0.4704,0.6912,18.0153,0.4429,1
3.0348,0.0859,0.0901,0.4725,0.6304,19.3238,0.4119,1
4.0589,0.0508,0.1178,0.2163,0.1275,1.7389,0.0577,0
4.7301,0.0343,0.0473,0.2136,0.1533,3.8358,0.0752,0
0.3513,0.0032,0.0615,0.1647,0.2374,1.1598,0.081,0
28.0,0.22,0.1342,0.3805,0.38,16.5355,0.3472,1
6.397,0.0319,0.0147,0.208,0.1999,0.5543,0.0368,0
5.3398,0.0071,0.0273,0.137,0.2322,0.8838,0.0779,0
28.0,0.22,0.0766,0.4836,0.6308,15.1924,0.3246,1
5.1421,0.0918,0.0749,0.05,0.191,4.659,0.0979,0
13.1251,0.0704,0.1087,0.3999,0.7395,22.1416,0.2106,1
25.6853,0.1401,0.1187,0.1718,0.05,1.976,0.3498,1
8.5344,0.0842,0.0913,0.1236,0.05,0.0645,0.0922,0
5.2257,0.0479,0.0695,0.1382,0.2132,5.209,0.0573,0
2.2951,0.0633,0.0337,0.3472,0.1809,1.2148,0.0983,0
5.9466,0.0,0.1488,0.2919,0.2886,2.2798,0.0,0
22.0,0.1353,0.0893,0.1606,0.2,0.5144,0.2,1
0.1602,0.0202,0.0857,0.1206,0.1549,8.1944,0.1166,0
10.6959,0.1163,0.1284,0.38,0.7364,12.7842,0.2402,1
25.9203,0.1447,0.0678,0.1801,0.1653,6.7118,0.2,1
5.112,0.0346,0.1058,0.05,0.2107,2.8293,0.1225,0
36.7039,0.1598,0.1495,0.2357,0.2149,2.9126,0.2281,1
15.9028,0.1143,0.1793,0.4838,0.5333,16.0465,0.2,1
28.0,0.3185,0.107,0.5869,0.5039,12.0,0.2,1
0.5661,0.22,0.0827,0.189,0.2069,5.8943,0.1547,1
22.0,0.1789,0.1294,0.1472,0.2229,4.5383,0.2514,1
5.9765,0.0854,0.0807,0.1617,0.2889,3.3662,0.0,0
5.1995,0.043,0.1105,0.2358,0.2347,7.4074,0.1009,0
10.231,0.2901,0.0855,0.2533,0.3419,5.9377,0.0976,1
3.1529,0.1031,0.0729,0.4047,0.5303,12.0835,0.2,1
30.6162,0.1,0.0,0.2024,0.0609,0.2275,0.3143,1
6.9337,0.0,0.0374,0.1278,0.1727,0.0,0.0912,0
24.4145,0.1484,0.1471,0.1623,0.1931,5.5192,0.3378,1
10.0532,0.0214,0.1228,0.1024,0.1332,1.4379,0.0116,0
1.7687,0.0449,0.0766,0.1124,0.2426,1.9766,0.0306,0
12.0,0.082,0.0488,0.2004,0.1645,3.2943,0.0971,0
6.4289,0.0,0.0193,0.1061,0.1903,0.0,0.1008,0
37.9332,0.3033,0.1021,0.38,0.4916,18.645,0.3877,1
2.5915,0.0063,0.1211,0.2507,0.2617,2.1102,0.0061,0
10.4037,0.0813,0.078,0.5955,0.38,12.5148,0.2,1
6.4236,0.1172,0.1422,0.6155,0.6467,14.6608,0.2209,1
11.1235,0.1125,0.055,0.3129,0.2608,0.8145,0.0225,0
1.0812,0.0337,0.0747,0.2283,0.1143,3.0456,0.0479,0
3.9797,0.2279,0.1776,0.181,0.2106,1.6027,0.0657,1
9.0207,0.013,0.062,0.1363,0.1302,5.32,0.0854,0
6.9737,0.0007,0.0901,0.2302,0.172,1.2832,0.0547,0
3.0251,0.0529,0.0764,0.1101,0.1378,2.6134,0.0065,0
8.2664,0.1057,0.1262,0.5025,0.5907,12.0,0.2833,1
7.3866,0.0513,0.0974,0.239,0.1926,3.3086,0.0718,0
5.6462,0.0681,0.0759,0.2772,0.2278,3.0193,0.0344,0
36.2061,0.3672,0.1298,0.6146,0.521,18.0768,0.3171,1
2.819,0.0924,0.079,0.223,0.1016,0.0,0.0244,0
5.5261,0.0474,0.1923,0.1445,0.1743,0.0,0.0074,0
28.0,0.22,0.0935,0.5231,0.5857,19.0126,0.2753,1
4.116,0.0402,0.1266,0.1104,0.138,6.6696,0.0127,0
7.8767,0.0486,0.1727,0.1645,0.126,0.0,0.1117,0
3.3579,0.0352,0.0446,0.1793,0.2366,1.6271,0.0781,0
10.6507,0.0814,0.1011,0.4,0.38,12.0,0.2,1
3.9789,0.3596,0.0544,0.207,0.2433,0.0,0.1594,1
31.7244,0.3045,0.0732,0.38,0.38,22.8401,0.2609,1
0.0,0.0396,0.1202,0.0618,0.1882,6.3261,0.0755,0
4.4451,0.0377,0.1839,0.138,0.2335,6.1797,0.0758,0
11.5172,0.0712,0.1885,0.5473,0.6489,12.0,0.3549,1
15.2262,0.4047,0.068,0.2243,0.0955,3.4637,0.2609,1
3.2149,0.047,0.1459,0.1558,0.273,9.5917,0.0319,0
13.9674,0.3515,0.011,0.1985,0.1791,6.1417,0.0885,1
8.2168,0.0729,0.0578,0.35,0.1223,1.7148,0.0,0
23.6148,0.1,0.0899,0.2404,0.2576,9.2698,0.252,1
0.1724,0.0564,0.0561,0.1033,0.0855,3.624,0.0372,0
28.0,0.3849,0.0836,0.6974,0.4568,16.9816,0.3367,1
3.4587,0.0982,0.0431,0.4821,0.4318,16.5322,0.2,1
22.0,0.1644,0.088,0.3474,0.2712,7.5932,0.2,1
5.731,0.0705,0.0863,0.1952,0.2404,1.9214,0.0513,0
9.3417,0.1039,0.12,0.7003,0.4946,14.0366,0.206,1
5.9246,0.22,0.0982,0.2601,0.0827,6.4968,0.1967,1
28.0,0.3118,0.1789,0.6586,0.5034,16.9185,0.3896,1
0.0,0.1081,0.1579,0.1786,0.2502,0.0,0.014,0
22.0,0.1413,0.1276,0.1559,0.2567,2.624,0.2,1
7.2356,0.0534,0.1383,0.1142,0.1466,2.2907,0.078,0
7.6121,0.3272,0.1026,0.1177,0.161,0.3815,0.0,1
9.5445,0.2451,0.0961,0.2316,0.061,3.5035,0.2006,1
2.2776,0.1336,0.1029,0.3061,0.2344,5.803,0.1094,0
3.1108,0.0,0.052,0.222,0.1069,2.3836,0.0315,0
0.0,0.0755,0.1797,0.2379,0.0537,2.4698,0.0723,0
22.0,0.2084,0.1112,0.1978,0.2433,11.0,0.221,1
22.0,0.1875,0.0916,0.2912,0.1236,2.6836,0.275,1
10.0868,0.0767,0.1469,0.1794,0.1382,7.1573,0.0,0
5.3829,0.0409,0.0606,0.2971,0.2563,0.4646,0.0906,0
4.3267,0.0428,0.1156,0.1839,0.1655,6.7627,0.0506,0
5.4049,0.0252,0.1083,0.1537,0.2833,1.857,0.0654,0
22.2868,0.1093,0.0327,0.2452,0.1575,6.5322,0.2,1
28.702,0.3837,0.0339,0.4365,0.4184,28.106,0.4974,1
6.7964,0.0534,0.1057,0.1044,0.1772,3.4244,0.0269,0
11.9554,0.3046,0.1138,0.2393,0.2102,5.1319,0.1566,1
8.6877,0.0495,0.0821,0.0762,0.2056,0.437,0.0635,0
31.2897,0.1673,0.1192,0.2865,0.3372,8.5106,0.2415,1
3.3699,0.0423,0.153,0.254,0.2113,9.0121,0.0,0
10.1955,0.14,0.1098,0.38,0.5741,12.0,0.2812,1
12.0,0.0533,0.0375,0.35,0.1384,3.4835,0.0579,0
0.4686,0.0102,0.1076,0.2561,0.1531,6.0762,0.0389,0
0.3309,0.0402,0.1105,0.0577,0.1823,3.5043,0.0394,0
7.3201,0.0899,0.0457,0.0875,0.3035,6.538,0.0373,0
29.9327,0.22,0.14,0.38,0.5066,22.1742,0.3225,1
36.1722,0.22,0.1566,0.6789,0.38,29.6941,0.2243,1
37.6102,0.2934,0.107,0.6678,0.536,15.2749,0.2,1
22.0,0.1592,0.0972,0.1672,0.2347,0.6809,0.2,1
8.3281,0.044,0.0803,0.7911,0.681,14.2585,0.2918,1
6.3163,0.0862,0.1407,0.38,0.5359,14.4024,0.2986,1
22.4424,0.1,0.1511,0.1801,0.1702,3.7482,0.2705,1
3.0558,0.0747,0.1197,0.2063,0.1272,1.6082,0.0437,0
10.11,0.2816,0.0949,0.1948,0.1499,7.7899,0.1108,1
7.2705,0.0,0.1401,0.2362,0.1423,5.2395,0.0189,0
1.3696,0.0489,0.1326,0.2298,0.2498,3.8175,0.0997,0
12.0687,0.0799,0.1146,0.5416,0.6028,18.4647,0.3432,1
22.0,0.1698,0.0748,0.0735,0.2459,6.954,0.2316,1
4.4853,0.0645,0.0463,0.1865,0.1859,0.9384,0.0425,0
7.6439,0.0422,0.119,0.1442,0.1307,6.3621,0.0,0
0.2159,0.0257,0.0624,0.1155,0.117,1.7514,0.0812,0
5.6927,0.0631,0.0768,0.0737,0.2083,3.5793,0.0517,0
50.1577,0.3057,0.1571,0.7303,0.6989,12.0,0.4162,1
35.809,0.2609,0.0915,0.5537,0.3808,16.4173,0.2995,1
22.0,0.1558,0.1159,0.238,0.167,9.0341,0.2,1
29.4994,0.2595,0.1558,0.2178,0.2425,3.7998,0.2798,1
7.023,0.3007,0.0955,0.1233,0.0906,2.6629,0.012,1
4.9352,0.1057,0.1031,0.241,0.3302,0.0,0.0764,0
28.0,0.4082,0.052,0.6096,0.7373,21.0656,0.4271,1
9.8657,0.1196,0.1198,0.1953,0.1957,3.2122,0.0273,0
22.0,0.1924,0.0936,0.2048,0.2304,2.6588,0.2044,1
5.3031,0.083,0.0787,0.231,0.1789,0.299,0.0644,0
12.4482,0.0767,0.0647,0.4579,0.7066,23.463,0.2,1
12.5291,0.0588,0.0573,0.6441,0.4261,24.0056,0.3079,1
17.9013,0.0183,0.0298,0.5879,0.5865,19.962,0.4292,1
9.7365,0.0351,0.127,0.5426,0.6341,21.1988,0.2171,1
4.4855,0.1037,0.1168,0.1639,0.1764,5.267,0.0535,0
28.0,0.297,0.1824,0.4564,0.5602,12.0,0.2631,1
6.5986,0.0596,0.0904,0.1606,0.3064,3.0585,0.0086,0
32.0922,0.1034,0.0634,0.0803,0.1168,0.0,0.3841,1
10.6707,0.2263,0.0773,0.237,0.0722,5.0383,0.1788,1
8.6734,0.0,0.0805,0.1641,0.2743,1.4992,0.0161,0
7.5467,0.0483,0.0955,0.1272,0.0778,7.8397,0.0,0
30.9955,0.4074,0.0601,0.5856,0.6714,22.6968,0.4746,1
11.2919,0.0388,0.0169,0.171,0.2338,4.3386,0.0,0
28.8291,0.2296,0.1225,0.2051,0.2269,3.6958,0.2,1
5.8129,0.0359,0.085,0.2236,0.119,4.207,0.073,0
40.2839,0.22,0.1363,0.4344,0.3926,12.9826,0.3067,1
6.1847,0.05,0.185,0.1104,0.1598,1.2566,0.1087,0
9.1882,0.0,0.1129,0.2483,0.2464,2.0224,0.071,0
0.0704,0.0,0.0665,0.234,0.082,0.9963,0.0503,0
2.4856,0.07,0.1319,0.24,0.0896,0.0803,0.0768,0
4.4151,0.0131,0.1557,0.1968,0.1296,5.3132,0.0323,0
1.2146,0.0706,0.1266,0.1849,0.0815,2.1198,0.0978,0
3.5266,0.0577,0.048,0.1503,0.2781,0.5212,0.0366,0
9.815,0.0413,0.1655,0.1408,0.2077,1.0739,0.0801,0
8.6773,0.1082,0.0584,0.1692,0.2281,6.9612,0.0051,0
4.1637,0.0192,0.1685,0.1806,0.1267,2.7161,0.0892,0
3.5059,0.0737,0.1298,0.2118,0.1266,7.5814,0.0223,0
4.7335,0.1444,0.1251,0.4913,0.4533,12.0,0.2287,1
28.0658,0.1354,0.1014,0.2476,0.3091,2.7998,0.2005,1
12.0,0.072,0.0606,0.2246,0.2411,3.5946,0.0,0
5.5121,0.22,0.0284,0.1104,0.2146,2.9503,0.1852,1
1.5301,0.0137,0.0976,0.1677,0.2281,0.2783,0.0514,0
32.4047,0.2437,0.1157,0.6696,0.6551,14.1963,0.4152,1
4.8785,0.062,0.0922,0.2602,0.2376,3.407,0.1145,0
0.0,0.0542,0.0714,0.1729,0.0603,3.5321,0.0174,0
29.0359,0.2728,0.0763,0.5551,0.4244,20.7326,0.3796,1
14.1775,0.3019,0.1105,0.1383,0.1595,0.7838,0.0973,1
3.7776,0.0656,0.0721,0.2516,0.267,1.4546,0.0,0
22.0,0.1175,0.1068,0.2183,0.3145,9.7607,0.2567,1
0.2944,0.0382,0.0919,0.1423,0.211,2.462,0.0092,0
7.6318,0.0959,0.1662,0.1726,0.1559,3.9849,0.1051,0
5.0488,0.035,0.1003,0.1896,0.0911,3.4552,0.0743,0
29.2124,0.35,0.068,0.6257,0.4596,28.6903,0.314,1
28.0,0.3383,0.0814,0.5385,0.6652,23.9759,0.3569,1
28.0,0.3308,0.138,0.44,0.6578,19.5661,0.2,1
0.0,0.0271,0.1107,0.1835,0.1524,2.6939,0.0,0
2.2945,0.0336,0.1052,0.1435,0.1501,4.8127,0.0648,0
3.4598,0.0549,0.1093,0.2521,0.2477,4.7346,0.1215,0
3.3878,0.0101,0.1464,0.173,0.1801,3.0297,0.1011,0
0.0,0.0224,0.0811,0.2515,0.2474,0.5723,0.0577,0
3.1884,0.0356,0.138,0.35,0.2186,0.0,0.1258,0
8.4039,0.0514,0.0696,0.2289,0.0982,2.0286,0.0415,0
12.0,0.0549,0.0278,0.05,0.0583,0.9985,0.0708,0
6.0592,0.1061,0.0648,0.2029,0.1816,2.1512,0.0689,0
4.1805,0.0432,0.1223,0.165,0.165,1.3317,0.0438,0
27.0007,0.2027,0.0817,0.185,0.216,9.4355,0.2226,1
14.9882,0.0724,0.081,0.4473,0.7712,13.1559,0.2,1
10.5478,0.1207,0.0805,0.4099,0.38,12.0,0.2,1
3.5016,0.0899,0.0197,0.1935,0.3242,0.5326,0.0069,0
1.5058,0.052,0.1152,0.1239,0.0561,0.0,0.0967,0
1.0483,0.0357,0.0843,0.1488,0.1988,3.7429,0.0,0
22.0,0.2095,0.0944,0.2419,0.1697,1.511,0.2,1
3.5606,0.0791,0.0786,0.4905,0.5506,19.7555,0.3576,1
13.9525,0.0819,0.0859,0.5223,0.6141,23.9186,0.2335,1
6.3488,0.2774,0.0823,0.1923,0.1601,10.6197,0.0999,1
10.5808,0.0506,0.0794,0.2813,0.2756,3.6173,0.0,0
7.9029,0.0253,0.0492,0.1941,0.1911,0.0,0.0662,0
6.1343,0.046,0.0451,0.2775,0.2764,3.8553,0.0669,0
9.1616,0.0,0.0557,0.2614,0.0592,4.9262,0.0243,0
11.5213,0.3611,0.1161,0.1981,0.1777,3.3591,0.066,1
26.2325,0.209,0.1009,0.1423,0.1711,0.8405,0.2522,1
2.3127,0.0357,0.0431,0.2635,0.1876,4.7812,0.0358,0
6.2774,0.0767,0.0851,0.05,0.1497,0.5549,0.0549,0
9.845,0.0839,0.0881,0.2286,0.3129,0.545,0.1108,0
10.814,0.0804,0.0753,0.7011,0.5765,19.3631,0.2,1
4.9392,0.3409,0.0948,0.2655,0.1929,0.0,0.1442,1
2.6163,0.1446,0.0559,0.2067,0.1764,6.8439,0.0781,0
9.3324,0.0382,0.0838,0.2223,0.0796,1.7858,0.0756,0
4.2518,0.0191,0.0444,0.7158,0.38,18.428,0.2619,1
8.2521,0.0,0.1051,0.5399,0.38,12.0,0.3878,1
0.0569,0.1242,0.1221,0.1172,0.2475,4.6751,0.0766,0
0.7226,0.0,0.1241,0.2528,0.1811,3.1347,0.0188,0
0.727,0.0,0.1179,0.1354,0.1849,0.3107,0.0658,0
28.6409,0.2923,0.0809,0.5642,0.5306,20.5807,0.263,1
2.3286,0.0,0.0767,0.3394,0.2584,0.0,0.0131,0
10.517,0.1173,0.1101,0.6331,0.6082,12.0,0.2,1
8.7577,0.0919,0.1742,0.1824,0.198,3.7182,0.0088,0
22.0,0.2463,0.0535,0.2055,0.1771,4.6593,0.2307,1
10.1343,0.22,0.1282,0.1572,0.3027,6.3656,0.1119,1
3.6541,0.0296,0.0675,0.1319,0.2287,0.0,0.0907,0
22.0,0.2333,0.1244,0.1615,0.2531,6.0443,0.2,1
35.6253,0.2631,0.1,0.5839,0.6285,15.2318,0.4266,1
3.8292,0.0595,0.1309,0.16,0.2148,0.9753,0.0195,0
6.9593,0.0314,0.1186,0.2933,0.2279,0.4898,0.0,0
4.1221,0.1003,0.135,0.1169,0.2626,4.7112,0.0577,0
8.2069,0.164,0.1487,0.5239,0.6194,14.8431,0.2247,1
6.0258,0.0635,0.0585,0.2292,0.2307,5.709,0.0382,0
22.0,0.1426,0.0925,0.1124,0.2286,4.3008,0.2876,1
3.2107,0.0719,0.0621,0.1321,0.05,5.2131,0.0228,0
28.0,0.2632,0.0565,0.5238,0.9823,21.6275,0.3243,1
0.0,0.0264,0.0981,0.35,0.1224,2.1406,0.0855,0
3.7697,0.087,0.1362,0.2002,0.2702,2.0938,0.0348,0
33.1656,0.4884,0.0862,0.6747,0.6395,16.8944,0.4828,1
26.4486,0.2498,0.1474,0.2056,0.1109,2.1038,0.2655,1
24.5761,0.1632,0.1074,0.2553,0.3279,5.3883,0.3879,1
11.1591,0.4178,0.1232,0.2554,0.2376,1.3529,0.1672,1
3.018,0.1012,0.1527,0.1287,0.2849,4.23,0.0174,0
28.0,0.3379,0.0817,0.38,0.5133,20.5522,0.376,1
17.4205,0.22,0.0966,0.1639,0.2134,1.1336,0.1667,1
7.7503,0.0258,0.1545,0.3172,0.0879,2.1956,0.0322,0
34.7854,0.3068,0.0932,0.5456,0.5509,18.5467,0.3433,1
3.4372,0.0735,0.0836,0.1742,0.2558,4.0242,0.0124,0
7.4541,0.0659,0.1002,0.1962,0.2747,1.4598,0.0,0
4.1349,0.0303,0.021,0.1535,0.2462,2.7171,0.0765,0
4.3528,0.0695,0.0911,0.2448,0.1223,3.1991,0.0,0
2.2917,0.014,0.0688,0.1079,0.1233,2.9042,0.0,0
7.1898,0.0661,0.1391,0.1638,0.2475,4.332,0.0462,0
3.0394,0.0476,0.0625,0.176,0.0791,1.3003,0.0839,0
8.1793,0.0735,0.1365,0.5363,0.38,20.2473,0.2445,1
28.0,0.278,0.0163,0.6272,0.715,15.3287,0.2309,1
7.7009,0.0094,0.13,0.1068,0.2875,1.997,0.0556,0
33.852,0.3004,0.1137,0.4709,0.4444,12.0,0.466,1
28.0,0.2539,0.0875,0.6896,0.7204,18.1321,0.2,1
9.0006,0.0,0.0819,0.5556,0.5481,20.1244,0.2,1
6.2128,0.0406,0.1422,0.1101,0.05,0.0,0.0359,0
4.7372,0.1084,0.1545,0.6093,0.38,14.4958,0.2391,1
10.6049,0.3149,0.0888,0.1761,0.1965,2.4666,0.2335,1
1.4484,0.0723,0.1279,0.0774,0.135,5.2121,0.0706,0
1.4551,0.1105,0.0392,0.1508,0.3325,7.4573,0.0,0
39.7563,0.3194,0.0264,0.598,0.5386,16.6288,0.6014,1
7.0198,0.05,0.1275,0.05,0.0694,1.4269,0.0769,0
5.6933,0.1013,0.1064,0.1671,0.1722,4.0899,0.1022,0
28.0,0.323,0.107,0.5706,0.5539,12.0848,0.3793,1
35.8835,0.2973,0.1553,0.5078,0.4397,12.5903,0.3311,1
24.135,0.1269,0.0878,0.3265,0.2011,7.3182,0.2,1
6.567,0.0689,0.1075,0.1658,0.1868,6.9738,0.067,0
13.7283,0.1365,0.122,0.735,0.427,17.6631,0.2,1
7.3853,0.1061,0.1085,0.2331,0.2901,3.9432,0.065,0
8.8113,0.0934,0.0605,0.05,0.1571,0.0,0.0572,0
12.261,0.3104,0.1905,0.2479,0.2614,7.0818,0.1681,1
31.3368,0.2197,0.0621,0.1652,0.2451,0.2443,0.2,1
11.5171,0.0417,0.1004,0.4401,0.4188,12.7094,0.3847,1
28.0,0.3348,0.1178,0.7293,0.5248,24.8507,0.3088,1
7.4858,0.0604,0.0648,0.4992,0.38,22.1524,0.221,1
15.0621,0.2364,0.0794,0.1119,0.1727,6.3408,0.215,1
23.4686,0.2685,0.1171,0.2084,0.256,0.0,0.3093,1
8.0928,0.0673,0.0834,0.063,0.1411,7.8157,0.0548,0
2.9846,0.0954,0.0913,0.2817,0.1336,5.832,0.0462,0
4.7125,0.0773,0.0768,0.2483,0.1101,0.2468,0.0602,0
28.0,0.2813,0.1482,0.6183,0.4674,15.9281,0.2421,1
0.4672,0.0,0.1183,0.1339,0.1771,3.8658,0.0404,0
28.0,0.2485,0.0687,0.554,0.5401,15.3822,0.2911,1
2.0763,0.0263,0.113,0.2189,0.102,4.3083,0.0975,0
8.4362,0.0569,0.074,0.2765,0.1202,3.1708,0.0701,0
8.2474,0.1239,0.1244,0.1175,0.0566,4.0839,0.0422,0
28.1349,0.2213,0.1169,0.8234,0.4626,27.5401,0.4057,1
22.0,0.1,0.1005,0.2187,0.36,4.3994,0.3088,1
35.0923,0.3347,0.1099,0.4862,0.7619,19.1245,0.4173,1
2.6617,0.0574,0.0831,0.2007,0.1337,0.9602,0.1263,0
38.083,0.4356,0.1491,0.597,0.5868,21.9922,0.3842,1
22.0,0.2454,0.1548,0.165,0.2779,6.6019,0.2,1
1.5886,0.1027,0.0757,0.2837,0.19,6.4307,0.0283,0
27.5289,0.2737,0.1977,0.2086,0.3037,1.574,0.2917,1
6.1995,0.0268,0.0963,0.136,0.1866,5.5183,0.0657,0
28.0,0.4015,0.1111,0.6572,0.4646,20.2044,0.2511,1
5.7833,0.0,0.1097,0.05,0.1287,0.6793,0.0,0
22.0,0.3073,0.1808,0.184,0.126,4.4845,0.1288,1
9.3891,0.3967,0.1553,0.1875,0.2158,2.7872,0.2033,1
13.2884,0.3715,0.044,0.191,0.2921,2.5966,0.1691,1
5.0179,0.0508,0.0948,0.2095,0.1963,5.4857,0.0543,0
28.0,0.2456,0.0743,0.4902,0.5108,17.6734,0.317,1
10.9603,0.0574,0.1527,0.5625,0.4971,20.5393,0.2008,1
8.6136,0.0,0.1423,0.1515,0.2011,1.1878,0.0,0
2.192,0.018,0.1428,0.2718,0.2045,0.8772,0.1051,0
2.7203,0.0041,0.0695,0.2384,0.2852,2.632,0.0579,0
0.4611,0.0424,0.1272,0.0719,0.2352,3.8685,0.0267,0
22.0,0.2353,0.0985,0.2327,0.1782,3.3417,0.2,1
3.3922,0.0297,0.0722,0.1788,0.2802,0.0,0.0663,0
4.5597,0.0946,0.1306,0.179,0.2819,0.6338,0.1461,0
32.2678,0.1,0.0845,0.101,0.1539,5.8014,0.2774,1
11.8643,0.3193,0.0832,0.2264,0.078,5.3572,0.1035,1
6.7475,0.4236,0.0925,0.1507,0.1705,2.8369,0.0889,1
5.1644,0.0648,0.096,0.1539,0.2153,0.0653,0.0417,0
10.7471,0.0237,0.1396,0.1187,0.153,4.9505,0.0531,0
4.56,0.0857,0.1486,0.3842,0.5792,12.0,0.2281,1
22.9222,0.1394,0.0128,0.2151,0.1927,4.9769,0.286,1
8.0602,0.3057,0.1603,0.1342,0.1845,0.0,0.193,1
30.2692,0.236,0.1401,0.5926,0.6219,17.2943,0.5105,1
1.55,0.0138,0.0949,0.2353,0.1031,2.3241,0.025,0
9.7795,0.0217,0.062,0.4073,0.38,15.3693,0.2444,1
4.4957,0.0475,0.136,0.1824,0.2086,3.8396,0.0699,0
3.9909,0.265,0.0616,0.1543,0.1585,9.5083,0.1368,1
12.0,0.0114,0.1121,0.139,0.1931,3.2545,0.0518,0
40.2569,0.2916,0.1162,0.5572,0.557,20.1454,0.346,1
9.709,0.0395,0.1019,0.1751,0.1773,2.9651,0.0857,0
2.8505,0.0681,0.0564,0.5207,0.4214,12.0,0.2497,1
28.0,0.2855,0.1347,0.38,0.5679,21.2819,0.5092,1
23.5151,0.1,0.1075,0.1906,0.1008,2.293,0.2,1
0.0,0.053,0.0638,0.227,0.169,0.4351,0.0744,0
25.8632,0.1753,0.0919,0.217,0.1732,6.6564,0.2295,1
6.7184,0.0,0.0864,0.2671,0.074,4.1911,0.1147,0
10.5744,0.333,0.104,0.1088,0.2252,5.1348,0.2204,1
4.4509,0.2827,0.0596,0.107,0.2117,4.8611,0.0972,1
8.0714,0.0671,0.0646,0.5424,0.5144,15.8594,0.2336,1
25.7405,0.236,0.147,0.2211,0.2907,6.4806,0.2367,1
3.8248,0.0566,0.0801,0.1398,0.1031,1.4249,0.0,0
9.8402,0.1439,0.0668,0.4494,0.4368,13.1303,0.2,1
3.0297,0.1266,0.1188,0.5329,0.38,23.4507,0.2852,1
34.2989,0.2657,0.1116,0.477,0.583,25.6494,0.4155,1
15.0275,0.3304,0.1016,0.1239,0.1793,0.0,0.1822,1
10.905,0.0243,0.063,0.1935,0.2082,3.8119,0.0308,0
27.5494,0.2185,0.1518,0.227,0.2538,10.8143,0.2,1
22.0,0.1,0.0763,0.202,0.189,5.9302,0.277,1
0.6707,0.0425,0.0717,0.0825,0.1845,0.0,0.0401,0
22.0,0.1382,0.0742,0.1686,0.2914,0.0,0.2,1
1.3493,0.2228,0.1044,0.1931,0.2058,4.4805,0.0573,1
1.9032,0.0992,0.1089,0.1529,0.1446,0.0,0.1206,0
9.0379,0.1109,0.1634,0.5856,0.4954,19.4405,0.3287,1
28.4913,0.2244,0.1986,0.8371,0.6356,14.4532,0.3179,1
4.4947,0.0723,0.1885,0.1009,0.2009,1.0951,0.0554,0
29.1181,0.1732,0.1074,0.1652,0.2685,0.133,0.2,1
11.0572,0.0923,0.1585,0.5791,0.7187,16.2787,0.2371,1
6.6563,0.0314,0.0521,0.1243,0.2092,1.7503,0.0,0
0.0,0.0,0.0962,0.2898,0.05,2.4486,0.044,0
0.0,0.0369,0.046,0.1048,0.1249,5.7669,0.0,0
9.7476,0.2859,0.1075,0.1366,0.1868,7.7757,0.0661,1
10.9811,0.2508,0.1073,0.1382,0.1384,0.9076,0.1107,1
5.538,0.0229,0.0247,0.2691,0.1466,0.0,0.1066,0
6.9528,0.0479,0.1982,0.4894,0.4655,22.3418,0.3138,1
7.9736,0.0769,0.1135,0.1985,0.2105,1.8745,0.0663,0
4.8775,0.0,0.061,0.2564,0.3295,5.0912,0.0873,0
0.0,0.0779,0.1197,0.1526,0.2031,0.0,0.0786,0
9.9098,0.0868,0.1196,0.1179,0.1267,0.9922,0.0773,0
8.7907,0.0754,0.1089,0.2266,0.3404,1.3574,0.0304,0
5.8198,0.073,0.0841,0.1451,0.0976,3.9705,0.0922,0
6.7845,0.0566,0.0521,0.5372,0.4763,17.2893,0.2321,1
7.5721,0.0343,0.12,0.3362,0.2242,2.6168,0.0236,0
22.0,0.1684,0.0808,0.1726,0.1949,0.0,0.2753,1
22.0,0.1381,0.1237,0.1618,0.2355,1.7895,0.2782,1
28.0,0.3412,0.0197,0.5441,0.5836,18.9014,0.4354,1
22.0,0.2124,0.1332,0.2303,0.2411,4.71,0.2752,1
28.6402,0.3047,0.1118,0.38,0.5818,28.3908,0.3578,1
0.3692,0.0912,0.0701,0.259,0.2262,2.6556,0.0,0
25.4714,0.1732,0.0189,0.1541,0.2494,7.1097,0.2,1
6.3837,0.0186,0.0588,0.4639,0.7301,12.0,0.2098,1
22.0,0.1908,0.1425,0.2028,0.2499,5.0718,0.2,1
9.9718,0.0985,0.0854,0.1422,0.1816,8.4836,0.0272,0
22.0,0.1974,0.1206,0.241,0.0586,5.7746,0.2451,1
4.4488,0.0441,0.1225,0.5414,0.5231,18.3316,0.2,1
10.8416,0.052,0.0927,0.2175,0.3058,1.1646,0.065,0
4.5161,0.028,0.0656,0.0853,0.1358,3.3046,0.0929,0
7.0137,0.3569,0.1423,0.0895,0.1585,0.3349,0.2016,1
8.2341,0.0243,0.1373,0.1207,0.1009,8.5162,0.0981,0
22.0,0.1722,0.134,0.2573,0.197,5.3526,0.2458,1
12.0,0.0277,0.0828,0.05,0.1351,1.9402,0.0,0
48.5388,0.2968,0.1361,0.5525,0.5621,13.9197,0.382,1
7.2683,0.0857,0.0665,0.5096,0.5083,12.0,0.2196,1
22.0,0.1961,0.1748,0.2502,0.1583,4.522,0.3109,1
22.0,0.1643,0.1041,0.225,0.1862,5.1488,0.2,1
9.1631,0.0576,0.0978,0.3259,0.1343,6.1867,0.0023,0
31.2849,0.3405,0.045,0.5242,0.5536,12.3958,0.4728,1
24.6346,0.152,0.0989,0.2067,0.2219,4.9849,0.2,1
15.175,0.3317,0.1076,0.2996,0.1867,5.5753,0.2162,1
3.098,0.0956,0.1125,0.1811,0.05,2.9449,0.0591,0
6.7128,0.1049,0.1492,0.2057,0.1764,3.35,0.019,0
6.4666,0.0197,0.157,0.1568,0.2254,3.7352,0.0395,0
3.9141,0.0212,0.0607,0.1188,0.143,0.7591,0.0101,0
4.1917,0.0459,0.1313,0.2323,0.2574,3.6594,0.0626,0
4.4151,0.085,0.0779,0.2971,0.1484,4.5672,0.06,0
3.4689,0.058,0.1422,0.214,0.1553,2.4418,0.0657,0
10.9376,0.05,0.1016,0.1844,0.1597,3.8579,0.007,0
7.4784,0.0019,0.1464,0.212,0.3177,5.9589,0.0917,0
28.7686,0.2608,0.1338,0.1805,0.138,8.1464,0.2,1
7.9423,0.0186,0.1139,0.1539,0.3138,1.354,0.0838,0
30.7735,0.2773,0.0758,0.6441,0.6396,19.7169,0.4421,1
29.9395,0.22,0.087,0.38,0.4705,24.0625,0.2992,1
5.0986,0.0468,0.0748,0.05,0.2515,0.8328,0.0506,0
1.3358,0.0482,0.1195,0.1751,0.1359,2.7086,0.0475,0
3.8706,0.032,0.1216,0.297,0.05,4.4119,0.0962,0
10.1434,0.2201,0.0892,0.2399,0.2422,2.5782,0.1688,1
12.0,0.0603,0.0678,0.2607,0.1439,5.918,0.0,0
7.3523,0.22,0.1338,0.1491,0.159,9.2302,0.1467,1
24.1848,0.175,0.0608,0.0513,0.2664,0.0,0.2139,1
22.0,0.1898,0.1099,0.3123,0.204,1.6394,0.419,1
2.9822,0.0987,0.1162,0.0833,0.2718,2.6238,0.0778,0
28.0,0.3463,0.1131,0.5462,0.5776,13.441,0.4139,1
28.0,0.3762,0.0815,0.4511,0.7566,15.3966,0.4431,1
22.7508,0.1001,0.0045,0.2005,0.3122,7.6653,0.2,1
6.3853,0.0,0.1073,0.2085,0.2079,1.1442,0.0755,0
8.686,0.0709,0.087,0.1682,0.2779,5.5687,0.0998,0
33.6834,0.273,0.1162,0.5505,0.586,12.0355,0.3709,1
29.3067,0.2898,0.1538,0.1749,0.1579,5.9521,0.2,1
12.4756,0.1185,0.1174,0.6336,0.38,21.3543,0.2,1
36.1993,0.2543,0.0774,0.5344,0.5894,17.7916,0.4767,1
28.0,0.2426,0.0465,0.5899,0.7394,17.9729,0.3913,1
34.2322,0.1592,0.073,0.3412,0.1828,2.9499,0.2,1
24.1571,0.1912,0.0535,0.1083,0.266,7.2609,0.204,1
0.0,0.0793,0.0766,0.1833,0.1148,5.078,0.0748,0
2.7264,0.0767,0.0196,0.693,0.4777,13.8453,0.2427,1
3.7028,0.087,0.0905,0.2343,0.2281,5.9075,0.0,0
7.9249,0.0222,0.1132,0.2149,0.1996,2.4942,0.0631,0
22.0,0.18,0.0967,0.169,0.0935,6.8166,0.2,1
28.0,0.3072,0.1185,0.4376,0.4652,20.0073,0.2,1
40.5391,0.2655,0.087,0.6568,0.665,17.2842,0.4099,1
5.3111,0.0862,0.156,0.4392,0.4605,17.0701,0.202,1
23.2699,0.2018,0.0859,0.1768,0.2823,4.5625,0.2,1
12.0362,0.4274,0.1673,0.2812,0.13,6.6001,0.1009,1
0.0,0.0096,0.1512,0.1911,0.2317,1.3479,0.0562,0
6.8299,0.057,0.1868,0.1278,0.3234,2.416,0.1118,0
3.8589,0.0459,0.1478,0.0861,0.283,5.4892,0.1056,0
29.6981,0.2666,0.0,0.5357,0.5081,19.7376,0.3204,1
11.2856,0.0945,0.0914,0.1151,0.198,1.9102,0.0071,0
5.7864,0.0,0.0986,0.2913,0.1564,2.4366,0.0728,0
14.8647,0.3419,0.0648,0.2305,0.1085,7.0915,0.1901,1
5.7856,0.0002,0.0991,0.0937,0.05,3.8302,0.0747,0
6.8026,0.0769,0.0691,0.2785,0.152,6.9397,0.0921,0
0.3792,0.0325,0.097,0.1401,0.0687,0.0145,0.0413,0
28.8719,0.3023,0.0969,0.4845,0.3918,17.2827,0.3593,1
4.3807,0.0438,0.0444,0.093,0.2086,2.0349,0.0523,0
9.7386,0.1139,0.1596,0.1016,0.09,2.6985,0.031,0
35.2371,0.3671,0.124,0.5727,0.38,13.0491,0.449,1
30.8004,0.406,0.0955,0.6898,0.4997,26.7143,0.5342,1
7.1473,0.1323,0.1639,0.1675,0.099,5.5259,0.0,0
28.0,0.5138,0.1314,0.6859,0.467,12.0,0.3602,1
8.2641,0.0116,0.0362,0.1402,0.1361,7.1667,0.0529,0
38.7402,0.4129,0.0669,0.5003,0.4811,17.6259,0.4672,1
7.2495,0.053,0.0707,0.1774,0.2582,1.124,0.0072,0
22.0,0.2526,0.1152,0.129,0.2493,10.8862,0.3202,1
28.0,0.3038,0.1572,0.6441,0.5096,25.4642,0.2177,1
11.723,0.2495,0.1227,0.1691,0.2907,5.7103,0.1111,1
44.4356,0.22,0.0784,0.4422,0.6115,21.2344,0.3642,1
11.1298,0.22,0.0548,0.1892,0.2233,4.0869,0.0959,1
3.4793,0.1298,0.0643,0.162,0.1195,5.0787,0.0829,0
30.5975,0.1189,0.1168,0.1864,0.1092,4.6348,0.2569,1
10.0691,0.14,0.0646,0.5737,0.4629,15.1967,0.2118,1
0.105,0.0183,0.1018,0.0543,0.2107,2.5691,0.057,0
7.1724,0.0685,0.0966,0.1855,0.1685,5.8391,0.0647,0
22.0301,0.1898,0.0633,0.36,0.1655,11.0,0.2084,1
6.2523,0.064,0.1074,0.1105,0.1413,5.2297,0.1166,0
11.3896,0.22,0.0926,0.259,0.1749,5.9869,0.1909,1
6.8768,0.2389,0.0733,0.1725,0.1989,6.3483,0.0845,1
4.0999,0.1163,0.1158,0.4971,0.6751,12.0,0.2314,1
22.0,0.2001,0.1089,0.2216,0.1759,5.3947,0.3038,1
12.0,0.0,0.1202,0.1323,0.2435,1.5448,0.034,0
8.2835,0.088,0.0684,0.5542,0.6587,19.4314,0.3042,1
9.1275,0.0433,0.0483,0.2746,0.2144,1.2772,0.0543,0
27.1273,0.1844,0.1384,0.2866,0.1406,0.0237,0.3588,1
6.7217,0.0503,0.0679,0.0947,0.1797,5.6499,0.1106,0
31.2684,0.2529,0.1435,0.5973,0.6373,19.6907,0.2,1
22.0,0.1387,0.0713,0.1955,0.2383,4.5037,0.2691,1
0.1365,0.0739,0.0893,0.1805,0.2184,4.9911,0.0613,0
12.0,0.0531,0.1671,0.192,0.145,3.2541,0.0396,0
39.5701,0.2414,0.1338,0.5544,0.5108,12.6629,0.2281,1
9.0347,0.374,0.0691,0.2322,0.118,0.7765,0.1189,1
2.7636,0.0704,0.1034,0.1708,0.1186,4.4071,0.0317,0
1.7336,0.0145,0.1013,0.1312,0.1471,0.8813,0.0715,0
0.9269,0.1087,0.0232,0.4177,0.38,22.7324,0.2,1
7.8438,0.0795,0.0394,0.2354,0.1926,3.9075,0.0683,0
12.5842,0.3563,0.0652,0.1375,0.1359,5.7382,0.1496,1
5.6296,0.0772,0.1111,0.1134,0.202,0.1897,0.0,0
5.2708,0.0976,0.1198,0.172,0.2471,7.0974,0.0327,0
2.171,0.0178,0.0709,0.2477,0.1851,3.9976,0.0563,0
13.197,0.3696,0.129,0.3125,0.1806,0.0,0.2427,1
4.6638,0.0072,0.1329,0.2092,0.2967,2.7842,0.063,0
14.0382,0.0678,0.1005,0.6136,0.6835,12.0,0.2349,1
5.7269,0.0892,0.0835,0.212,0.1482,8.5267,0.0634,0
0.0,0.1086,0.0855,0.1332,0.236,3.0409,0.0237,0
4.9425,0.0335,0.0387,0.2226,0.1589,5.0241,0.0056,0
3.8751,0.0543,0.094,0.1269,0.1489,2.8054,0.0415,0
30.5815,0.2243,0.0546,0.38,0.38,13.9013,0.3613,1
18.0,0.0479,0.0372,0.4143,0.5529,15.5878,0.2,1
2.72,0.0534,0.0808,0.2153,0.1775,0.6816,0.0071,0
5.496,0.0386,0.0959,0.0888,0.1307,0.0,0.0728,0
2.2249,0.105,0.1821,0.0827,0.1097,8.2485,0.0207,0
0.0,0.0669,0.0283,0.1618,0.1925,4.9228,0.0582,0
1.3597,0.0257,0.1315,0.4062,0.5096,21.8149,0.2955,1
4.0161,0.0825,0.1011,0.0907,0.1591,4.8533,0.102,0
10.6776,0.329,0.0772,0.1826,0.1656,3.4676,0.134,1
6.9627,0.0696,0.117,0.0788,0.1032,0.2168,0.031,0
7.7548,0.0453,0.1182,0.1602,0.241,3.3551,0.0459,0
22.3883,0.1398,0.0817,0.236,0.2508,3.7266,0.2,1
30.5046,0.3442,0.0655,0.6074,0.4428,28.0666,0.2,1
15.4352,0.0662,0.1385,0.4716,0.5217,21.4836,0.2,1
2.5348,0.0788,0.0633,0.1905,0.05,1.6491,0.0735,0
33.2479,0.1,0.1513,0.0723,0.2822,5.1852,0.2,1
6.1507,0.0308,0.1662,0.2057,0.2717,1.2889,0.004,0
7.5614,0.1274,0.0584,0.4343,0.7417,12.419,0.4898,1
2.992,0.1694,0.0431,0.1337,0.0662,3.505,0.0742,0
22.0,0.1,0.061,0.3401,0.3091,0.3889,0.2,1
4.7152,0.2839,0.1101,0.1997,0.2791,3.4392,0.2483,1
9.4617,0.1374,0.0624,0.6652,0.5411,19.519,0.2028,1
7.8789,0.0314,0.1024,0.232,0.0801,1.6775,0.0488,0
0.0,0.0066,0.1189,0.2348,0.2375,3.9451,0.1135,0
8.0801,0.1391,0.1866,0.462,0.5471,15.5319,0.2,1
1.8938,0.0717,0.0442,0.1968,0.3143,4.564,0.126,0
6.6099,0.0557,0.1206,0.1641,0.2698,2.2443,0.0,0
7.4782,0.2828,0.1139,0.1702,0.1482,4.7683,0.08,1
1.5943,0.0773,0.1478,0.0544,0.1411,0.0,0.0003,0
12.8187,0.0761,0.1047,0.5639,0.5862,16.2225,0.3151,1
36.7865,0.3167,0.1799,0.5357,0.499,19.6047,0.3562,1
13.6668,0.4029,0.0765,0.0755,0.1712,1.1884,0.0114,1
4.5984,0.0432,0.2,0.2147,0.1143,2.6486,0.0474,0
13.6319,0.3435,0.0711,0.1948,0.221,6.9936,0.1429,1
0.0,0.1251,0.1064,0.5309,0.5452,15.3867,0.3618,1
7.6495,0.0651,0.067,0.252,0.0897,0.0,0.0,0
12.4032,0.0873,0.0548,0.6058,0.4676,20.2653,0.2002,1
3.984,0.0,0.1051,0.1619,0.1059,5.2441,0.113,0
11.0426,0.3136,0.1286,0.1899,0.1859,3.4508,0.2045,1
29.3445,0.22,0.0476,0.5962,0.4926,19.4054,0.3897,1
9.435,0.2415,0.0604,0.2528,0.1945,5.9866,0.0423,1
0.0,0.0,0.1103,0.1713,0.2187,4.5692,0.0701,0
30.7832,0.2129,0.117,0.3175,0.1017,7.0502,0.2,1
28.0,0.4534,0.2,0.4654,0.6715,12.0,0.4161,1
1.8363,0.0682,0.0202,0.1744,0.1855,3.4686,0.045,0
8.1687,0.2293,0.0573,0.2705,0.1781,5.2506,0.1071,1
8.0489,0.0656,0.0124,0.1565,0.1665,0.0,0.0728,0
36.9929,0.2745,0.1061,0.449,0.565,14.0617,0.4605,1
0.0,0.0396,0.1732,0.1462,0.2695,2.5098,0.1144,0
22.0,0.153,0.1169,0.3524,0.2477,5.4683,0.2,1
0.0,0.0789,0.1077,0.2946,0.1817,1.5569,0.0283,0
31.5223,0.2832,0.1278,0.628,0.5954,25.9131,0.2531,1
14.2746,0.453,0.0982,0.1643,0.18,1.1651,0.1495,1
7.1912,0.1052,0.1394,0.5485,0.5623,16.0871,0.3342,1
3.8743,0.0479,0.1671,0.295,0.1254,0.0,0.0609,0
10.7574,0.0493,0.0713,0.077,0.0519,3.1998,0.0,0
28.0,0.3276,0.0992,0.5605,0.7483,12.0,0.393,1
2.3562,0.0,0.1071,0.0709,0.2163,2.0004,0.0037,0
2.0951,0.0384,0.151,0.481,0.38,12.9702,0.2643,1
4.2098,0.0733,0.0815,0.2552,0.2079,0.0,0.1143,0
0.8074,0.0589,0.0531,0.2152,0.1887,2.0489,0.0419,0
1.5363,0.0634,0.0808,0.1405,0.183,5.1789,0.0248,0
14.9991,0.0871,0.0405,0.5064,0.6698,12.0,0.2,1
8.9105,0.1095,0.0755,0.278,0.0572,4.8304,0.0779,0
9.3671,0.0,0.1223,0.1502,0.2195,4.4165,0.0114,0
10.7534,0.1891,0.0441,0.4919,0.4845,16.0535,0.2064,1
32.5641,0.2331,0.0167,0.563,0.6498,12.0,0.4913,1
29.7968,0.185,0.1546,0.2257,0.1635,8.6857,0.2634,1
7.9328,0.0929,0.1131,0.38,0.6356,17.8446,0.2073,1
11.3436,0.0467,0.0779,0.2307,0.136,4.9818,0.0,0
22.0,0.1091,0.0517,0.1433,0.3346,4.7373,0.2,1
0.0,0.0694,0.0964,0.0719,0.2011,5.6823,0.0988,0
28.0,0.3079,0.0545,0.5304,0.5603,22.4068,0.2908,1
10.8166,0.4131,0.1226,0.1326,0.2563,2.1828,0.1934,1
11.0444,0.0793,0.0662,0.3194,0.1409,2.7532,0.0,0
4.9571,0.0783,0.1366,0.2408,0.2723,2.516,0.1064,0
6.9914,0.1122,0.1581,0.136,0.1147,6.6953,0.0,0
7.1496,0.0421,0.0835,0.1142,0.1205,5.5756,0.1073,0
11.3185,0.2239,0.1835,0.251,0.1193,0.0,0.2416,1
22.0,0.1334,0.1242,0.206,0.1362,7.5145,0.2285,1
4.7175,0.0,0.0587,0.058,0.0599,2.5049,0.114,0
6.1248,0.0619,0.0903,0.1282,0.1748,0.0,0.063,0
5.2864,0.0487,0.1483,0.1601,0.1886,0.1035,0.0541,0
5.7102,0.0088,0.0819,0.1768,0.1222,4.6381,0.0742,0
